port_id,station_id,connector,current,max_power_kw
ST_EVO_AUDI_HCM_P1,ST_EVO_AUDI_HCM,CCS2,DC,180
ST_EVO_AUDI_HCM_P2,ST_EVO_AUDI_HCM,CCS2,DC,180
ST_EVO_AUDI_HCM_P3,ST_EVO_AUDI_HCM,Type2,AC,11
ST_EVO_AUDI_HCM_P4,ST_EVO_AUDI_HCM,Type2,AC,11
ST_EVO_DEUTSCHES_HAUS_P1,ST_EVO_DEUTSCHES_HAUS,Type2,AC,22
ST_EVO_DEUTSCHES_HAUS_P2,ST_EVO_DEUTSCHES_HAUS,Type2,AC,22
ST_EVO_DEUTSCHES_HAUS_P3,ST_EVO_DEUTSCHES_HAUS,Type2,AC,22
ST_EVO_DEUTSCHES_HAUS_P4,ST_EVO_DEUTSCHES_HAUS,Type2,AC,22
ST_EVO_LAVIDA_Q7_P1,ST_EVO_LAVIDA_Q7,CCS2,DC,160
