timestamp,temperature_2m,relative_humidity_2m,precipitation,rain,snowfall,weather_code,cloud_cover,wind_speed_10m,wind_gusts_10m,pressure_msl,is_day,is_raining,rain_intensity,temp_bucket,feels_like
2022-09-01 00:00:00,17.3,53.0,0.0,0.0,0.0,3.0,100.0,10.1,18.4,1022.3,0.0,0,0.0,2.0,13.260000000000002
2022-09-01 00:05:00,17.283333333333335,52.916666666666664,0.0,0.0,0.0,3.0,99.91666666666667,10.266666666666666,18.60833333333333,1022.3083333333333,0.0,0,0.0,2.0,13.17666666666667
2022-09-01 00:10:00,17.266666666666666,52.833333333333336,0.0,0.0,0.0,3.0,99.83333333333333,10.433333333333334,18.816666666666666,1022.3166666666666,0.0,0,0.0,2.0,13.093333333333332
2022-09-01 00:15:00,17.25,52.75,0.0,0.0,0.0,3.0,99.75,10.6,19.025,1022.3249999999999,0.0,0,0.0,2.0,13.01
2022-09-01 00:20:00,17.233333333333334,52.666666666666664,0.0,0.0,0.0,3.0,99.66666666666667,10.766666666666666,19.23333333333333,1022.3333333333333,0.0,0,0.0,2.0,12.926666666666668
2022-09-01 00:25:00,17.21666666666667,52.583333333333336,0.0,0.0,0.0,3.0,99.58333333333333,10.933333333333334,19.441666666666666,1022.3416666666666,0.0,0,0.0,2.0,12.843333333333334
2022-09-01 00:30:00,17.200000000000003,52.5,0.0,0.0,0.0,3.0,99.5,11.1,19.65,1022.3499999999999,0.0,0,0.0,2.0,12.760000000000002
2022-09-01 00:35:00,17.183333333333334,52.416666666666664,0.0,0.0,0.0,3.0,99.41666666666667,11.266666666666666,19.85833333333333,1022.3583333333333,0.0,0,0.0,2.0,12.676666666666666
2022-09-01 00:40:00,17.166666666666668,52.333333333333336,0.0,0.0,0.0,3.0,99.33333333333333,11.433333333333334,20.066666666666666,1022.3666666666667,0.0,0,0.0,2.0,12.593333333333334
2022-09-01 00:45:00,17.150000000000002,52.25,0.0,0.0,0.0,3.0,99.25,11.6,20.275,1022.375,0.0,0,0.0,2.0,12.510000000000002
2022-09-01 00:50:00,17.133333333333333,52.166666666666664,0.0,0.0,0.0,3.0,99.16666666666667,11.766666666666666,20.48333333333333,1022.3833333333333,0.0,0,0.0,2.0,12.426666666666666
2022-09-01 00:55:00,17.116666666666667,52.083333333333336,0.0,0.0,0.0,3.0,99.08333333333333,11.933333333333334,20.691666666666666,1022.3916666666667,0.0,0,0.0,2.0,12.343333333333334
2022-09-01 01:00:00,17.1,52.0,0.0,0.0,0.0,3.0,99.0,12.1,20.9,1022.4,0.0,0,0.0,2.0,12.260000000000002
2022-09-01 01:05:00,16.933333333333334,52.666666666666664,0.0,0.0,0.0,3.0,99.0,12.058333333333334,21.10833333333333,1022.3916666666667,0.0,0,0.0,2.0,12.11
2022-09-01 01:10:00,16.76666666666667,53.333333333333336,0.0,0.0,0.0,3.0,99.0,12.016666666666666,21.316666666666666,1022.3833333333333,0.0,0,0.0,2.0,11.960000000000003
2022-09-01 01:15:00,16.6,54.0,0.0,0.0,0.0,3.0,99.0,11.975,21.525,1022.375,0.0,0,0.0,2.0,11.810000000000002
2022-09-01 01:20:00,16.433333333333334,54.666666666666664,0.0,0.0,0.0,3.0,99.0,11.933333333333334,21.73333333333333,1022.3666666666667,0.0,0,0.0,2.0,11.66
2022-09-01 01:25:00,16.266666666666666,55.333333333333336,0.0,0.0,0.0,3.0,99.0,11.891666666666666,21.941666666666666,1022.3583333333333,0.0,0,0.0,2.0,11.509999999999998
2022-09-01 01:30:00,16.1,56.0,0.0,0.0,0.0,3.0,99.0,11.85,22.15,1022.3499999999999,0.0,0,0.0,2.0,11.360000000000001
2022-09-01 01:35:00,15.933333333333334,56.666666666666664,0.0,0.0,0.0,3.0,99.0,11.808333333333334,22.35833333333333,1022.3416666666666,0.0,0,0.0,2.0,11.21
2022-09-01 01:40:00,15.766666666666667,57.333333333333336,0.0,0.0,0.0,3.0,99.0,11.766666666666666,22.566666666666666,1022.3333333333333,0.0,0,0.0,2.0,11.060000000000002
2022-09-01 01:45:00,15.6,58.0,0.0,0.0,0.0,3.0,99.0,11.725,22.775,1022.3249999999999,0.0,0,0.0,2.0,10.91
2022-09-01 01:50:00,15.433333333333334,58.666666666666664,0.0,0.0,0.0,3.0,99.0,11.683333333333334,22.98333333333333,1022.3166666666666,0.0,0,0.0,2.0,10.76
2022-09-01 01:55:00,15.266666666666666,59.333333333333336,0.0,0.0,0.0,3.0,99.0,11.641666666666666,23.191666666666666,1022.3083333333333,0.0,0,0.0,2.0,10.61
2022-09-01 02:00:00,15.1,60.0,0.0,0.0,0.0,3.0,99.0,11.6,23.4,1022.3,0.0,0,0.0,2.0,10.46
2022-09-01 02:05:00,14.966666666666667,60.583333333333336,0.0,0.0,0.0,3.0,90.75,11.533333333333333,23.133333333333333,1022.3,0.0,0,0.0,2.0,10.353333333333333
2022-09-01 02:10:00,14.833333333333332,61.166666666666664,0.0,0.0,0.0,3.0,82.5,11.466666666666667,22.866666666666667,1022.3,0.0,0,0.0,2.0,10.246666666666666
2022-09-01 02:15:00,14.7,61.75,0.0,0.0,0.0,3.0,74.25,11.4,22.599999999999998,1022.3,0.0,0,0.0,2.0,10.139999999999999
2022-09-01 02:20:00,14.566666666666666,62.333333333333336,0.0,0.0,0.0,3.0,66.0,11.333333333333334,22.333333333333332,1022.3,0.0,0,0.0,2.0,10.033333333333331
2022-09-01 02:25:00,14.433333333333334,62.916666666666664,0.0,0.0,0.0,3.0,57.75,11.266666666666667,22.066666666666666,1022.3,0.0,0,0.0,2.0,9.926666666666666
2022-09-01 02:30:00,14.3,63.5,0.0,0.0,0.0,3.0,49.5,11.2,21.799999999999997,1022.3,0.0,0,0.0,2.0,9.82
2022-09-01 02:35:00,14.166666666666666,64.08333333333333,0.0,0.0,0.0,3.0,41.25,11.133333333333333,21.53333333333333,1022.3,0.0,0,0.0,2.0,9.713333333333333
2022-09-01 02:40:00,14.033333333333333,64.66666666666667,0.0,0.0,0.0,3.0,33.0,11.066666666666666,21.266666666666666,1022.3,0.0,0,0.0,2.0,9.606666666666666
2022-09-01 02:45:00,13.9,65.25,0.0,0.0,0.0,3.0,24.75,11.0,21.0,1022.3,0.0,0,0.0,2.0,9.5
2022-09-01 02:50:00,13.766666666666666,65.83333333333333,0.0,0.0,0.0,3.0,16.5,10.933333333333334,20.733333333333334,1022.3,0.0,0,0.0,2.0,9.39333333333333
2022-09-01 02:55:00,13.633333333333333,66.41666666666667,0.0,0.0,0.0,3.0,8.25,10.866666666666667,20.466666666666665,1022.3,0.0,0,0.0,2.0,9.286666666666665
2022-09-01 03:00:00,13.5,67.0,0.0,0.0,0.0,0.0,0.0,10.8,20.2,1022.3,0.0,0,0.0,2.0,9.18
2022-09-01 03:05:00,13.441666666666666,67.33333333333333,0.0,0.0,0.0,0.0,0.0,10.8,20.133333333333333,1022.3083333333333,0.0,0,0.0,2.0,9.121666666666666
2022-09-01 03:10:00,13.383333333333333,67.66666666666667,0.0,0.0,0.0,0.0,0.0,10.8,20.066666666666666,1022.3166666666666,0.0,0,0.0,2.0,9.063333333333333
2022-09-01 03:15:00,13.325,68.0,0.0,0.0,0.0,0.0,0.0,10.8,20.0,1022.3249999999999,0.0,0,0.0,2.0,9.004999999999999
2022-09-01 03:20:00,13.266666666666667,68.33333333333333,0.0,0.0,0.0,0.0,0.0,10.8,19.933333333333334,1022.3333333333333,0.0,0,0.0,2.0,8.946666666666667
2022-09-01 03:25:00,13.208333333333334,68.66666666666667,0.0,0.0,0.0,0.0,0.0,10.8,19.866666666666667,1022.3416666666666,0.0,0,0.0,2.0,8.888333333333334
2022-09-01 03:30:00,13.15,69.0,0.0,0.0,0.0,0.0,0.0,10.8,19.799999999999997,1022.3499999999999,0.0,0,0.0,2.0,8.83
2022-09-01 03:35:00,13.091666666666667,69.33333333333333,0.0,0.0,0.0,0.0,0.0,10.8,19.73333333333333,1022.3583333333333,0.0,0,0.0,2.0,8.771666666666667
2022-09-01 03:40:00,13.033333333333333,69.66666666666667,0.0,0.0,0.0,0.0,0.0,10.8,19.666666666666664,1022.3666666666667,0.0,0,0.0,2.0,8.713333333333333
2022-09-01 03:45:00,12.975000000000001,70.0,0.0,0.0,0.0,0.0,0.0,10.8,19.599999999999998,1022.375,0.0,0,0.0,2.0,8.655000000000001
2022-09-01 03:50:00,12.916666666666668,70.33333333333333,0.0,0.0,0.0,0.0,0.0,10.8,19.53333333333333,1022.3833333333333,0.0,0,0.0,2.0,8.596666666666668
2022-09-01 03:55:00,12.858333333333334,70.66666666666667,0.0,0.0,0.0,0.0,0.0,10.8,19.466666666666665,1022.3916666666667,0.0,0,0.0,2.0,8.538333333333334
2022-09-01 04:00:00,12.8,71.0,0.0,0.0,0.0,0.0,0.0,10.8,19.4,1022.4,0.0,0,0.0,2.0,8.48
2022-09-01 04:05:00,12.758333333333335,71.25,0.0,0.0,0.0,0.0,0.0,10.741666666666667,19.375,1022.3833333333333,0.0,0,0.0,2.0,8.461666666666668
2022-09-01 04:10:00,12.716666666666667,71.5,0.0,0.0,0.0,0.0,0.0,10.683333333333334,19.349999999999998,1022.3666666666667,0.0,0,0.0,2.0,8.443333333333333
2022-09-01 04:15:00,12.675,71.75,0.0,0.0,0.0,0.0,0.0,10.625,19.325,1022.35,0.0,0,0.0,2.0,8.425
2022-09-01 04:20:00,12.633333333333335,72.0,0.0,0.0,0.0,0.0,0.0,10.566666666666666,19.3,1022.3333333333334,0.0,0,0.0,2.0,8.406666666666668
2022-09-01 04:25:00,12.591666666666667,72.25,0.0,0.0,0.0,0.0,0.0,10.508333333333333,19.275,1022.3166666666667,0.0,0,0.0,2.0,8.388333333333334
2022-09-01 04:30:00,12.55,72.5,0.0,0.0,0.0,0.0,0.0,10.45,19.25,1022.3,0.0,0,0.0,2.0,8.370000000000001
2022-09-01 04:35:00,12.508333333333335,72.75,0.0,0.0,0.0,0.0,0.0,10.391666666666667,19.225,1022.2833333333333,0.0,0,0.0,2.0,8.351666666666667
2022-09-01 04:40:00,12.466666666666667,73.0,0.0,0.0,0.0,0.0,0.0,10.333333333333334,19.2,1022.2666666666667,0.0,0,0.0,2.0,8.333333333333332
2022-09-01 04:45:00,12.425,73.25,0.0,0.0,0.0,0.0,0.0,10.275,19.175,1022.25,0.0,0,0.0,2.0,8.315000000000001
2022-09-01 04:50:00,12.383333333333335,73.5,0.0,0.0,0.0,0.0,0.0,10.216666666666667,19.150000000000002,1022.2333333333333,0.0,0,0.0,2.0,8.296666666666667
2022-09-01 04:55:00,12.341666666666667,73.75,0.0,0.0,0.0,0.0,0.0,10.158333333333333,19.125,1022.2166666666667,0.0,0,0.0,2.0,8.278333333333332
2022-09-01 05:00:00,12.3,74.0,0.0,0.0,0.0,0.0,0.0,10.1,19.1,1022.2,0.0,0,0.0,2.0,8.260000000000002
2022-09-01 05:05:00,12.266666666666667,74.25,0.0,0.0,0.0,0.0,0.0,10.075,19.008333333333333,1022.1833333333334,0.0,0,0.0,2.0,8.236666666666668
2022-09-01 05:10:00,12.233333333333334,74.5,0.0,0.0,0.0,0.0,0.0,10.05,18.916666666666668,1022.1666666666667,0.0,0,0.0,2.0,8.213333333333335
2022-09-01 05:15:00,12.200000000000001,74.75,0.0,0.0,0.0,0.0,0.0,10.025,18.825000000000003,1022.1500000000001,0.0,0,0.0,2.0,8.190000000000001
2022-09-01 05:20:00,12.166666666666668,75.0,0.0,0.0,0.0,0.0,0.0,10.0,18.733333333333334,1022.1333333333333,0.0,0,0.0,2.0,8.166666666666668
2022-09-01 05:25:00,12.133333333333335,75.25,0.0,0.0,0.0,0.0,0.0,9.975,18.641666666666666,1022.1166666666667,0.0,0,0.0,2.0,8.143333333333334
2022-09-01 05:30:00,12.100000000000001,75.5,0.0,0.0,0.0,0.0,0.0,9.95,18.55,1022.1,0.0,0,0.0,2.0,8.120000000000001
2022-09-01 05:35:00,12.066666666666666,75.75,0.0,0.0,0.0,0.0,0.0,9.925,18.458333333333336,1022.0833333333334,0.0,0,0.0,2.0,8.096666666666666
2022-09-01 05:40:00,12.033333333333333,76.0,0.0,0.0,0.0,0.0,0.0,9.9,18.366666666666667,1022.0666666666667,0.0,0,0.0,2.0,8.073333333333332
2022-09-01 05:45:00,12.0,76.25,0.0,0.0,0.0,0.0,0.0,9.875,18.275,1022.05,0.0,0,0.0,2.0,8.05
2022-09-01 05:50:00,11.966666666666667,76.5,0.0,0.0,0.0,0.0,0.0,9.850000000000001,18.183333333333334,1022.0333333333333,0.0,0,0.0,2.0,8.026666666666666
2022-09-01 05:55:00,11.933333333333334,76.75,0.0,0.0,0.0,0.0,0.0,9.825000000000001,18.09166666666667,1022.0166666666667,0.0,0,0.0,2.0,8.003333333333334
2022-09-01 06:00:00,11.9,77.0,0.0,0.0,0.0,0.0,0.0,9.8,18.0,1022.0,0.0,0,0.0,2.0,7.98
2022-09-01 06:05:00,11.883333333333333,77.25,0.0,0.0,0.0,0.0,0.0,9.833333333333334,17.96666666666667,1022.0,0.0,0,0.0,2.0,7.949999999999999
2022-09-01 06:10:00,11.866666666666667,77.5,0.0,0.0,0.0,0.0,0.0,9.866666666666667,17.933333333333334,1022.0,0.0,0,0.0,2.0,7.92
2022-09-01 06:15:00,11.85,77.75,0.0,0.0,0.0,0.0,0.0,9.9,17.9,1022.0,0.0,0,0.0,2.0,7.889999999999999
2022-09-01 06:20:00,11.833333333333334,78.0,0.0,0.0,0.0,0.0,0.0,9.933333333333334,17.866666666666667,1022.0,0.0,0,0.0,2.0,7.86
2022-09-01 06:25:00,11.816666666666666,78.25,0.0,0.0,0.0,0.0,0.0,9.966666666666667,17.833333333333336,1022.0,0.0,0,0.0,2.0,7.83
2022-09-01 06:30:00,11.8,78.5,0.0,0.0,0.0,0.0,0.0,10.0,17.8,1022.0,0.0,0,0.0,2.0,7.800000000000001
2022-09-01 06:35:00,11.783333333333333,78.75,0.0,0.0,0.0,0.0,0.0,10.033333333333333,17.766666666666666,1022.0,0.0,0,0.0,2.0,7.77
2022-09-01 06:40:00,11.766666666666666,79.0,0.0,0.0,0.0,0.0,0.0,10.066666666666666,17.733333333333334,1022.0,0.0,0,0.0,2.0,7.739999999999999
2022-09-01 06:45:00,11.75,79.25,0.0,0.0,0.0,0.0,0.0,10.1,17.700000000000003,1022.0,0.0,0,0.0,2.0,7.71
2022-09-01 06:50:00,11.733333333333333,79.5,0.0,0.0,0.0,0.0,0.0,10.133333333333333,17.666666666666668,1022.0,0.0,0,0.0,2.0,7.679999999999999
2022-09-01 06:55:00,11.716666666666667,79.75,0.0,0.0,0.0,0.0,0.0,10.166666666666666,17.633333333333333,1022.0,0.0,0,0.0,2.0,7.65
2022-09-01 07:00:00,11.7,80.0,0.0,0.0,0.0,0.0,0.0,10.2,17.6,1022.0,1.0,0,0.0,2.0,7.619999999999999
2022-09-01 07:05:00,11.825,79.66666666666667,0.0,0.0,0.0,0.0,0.25,10.283333333333333,17.783333333333335,1022.0083333333333,1.0,0,0.0,2.0,7.711666666666666
2022-09-01 07:10:00,11.95,79.33333333333333,0.0,0.0,0.0,0.0,0.5,10.366666666666665,17.96666666666667,1022.0166666666667,1.0,0,0.0,2.0,7.803333333333333
2022-09-01 07:15:00,12.075,79.0,0.0,0.0,0.0,0.0,0.75,10.45,18.150000000000002,1022.025,1.0,0,0.0,2.0,7.895
2022-09-01 07:20:00,12.2,78.66666666666667,0.0,0.0,0.0,0.0,1.0,10.533333333333333,18.333333333333336,1022.0333333333333,1.0,0,0.0,2.0,7.9866666666666655
2022-09-01 07:25:00,12.325,78.33333333333333,0.0,0.0,0.0,0.0,1.25,10.616666666666665,18.51666666666667,1022.0416666666666,1.0,0,0.0,2.0,8.078333333333333
2022-09-01 07:30:00,12.45,78.0,0.0,0.0,0.0,0.0,1.5,10.7,18.700000000000003,1022.05,1.0,0,0.0,2.0,8.169999999999998
2022-09-01 07:35:00,12.575,77.66666666666667,0.0,0.0,0.0,0.0,1.75,10.783333333333333,18.883333333333333,1022.0583333333334,1.0,0,0.0,2.0,8.261666666666667
2022-09-01 07:40:00,12.7,77.33333333333333,0.0,0.0,0.0,0.0,2.0,10.866666666666665,19.066666666666666,1022.0666666666667,1.0,0,0.0,2.0,8.353333333333332
2022-09-01 07:45:00,12.825,77.0,0.0,0.0,0.0,0.0,2.25,10.95,19.25,1022.075,1.0,0,0.0,2.0,8.445
2022-09-01 07:50:00,12.95,76.66666666666667,0.0,0.0,0.0,0.0,2.5,11.033333333333333,19.433333333333334,1022.0833333333334,1.0,0,0.0,2.0,8.536666666666665
2022-09-01 07:55:00,13.075,76.33333333333333,0.0,0.0,0.0,0.0,2.75,11.116666666666665,19.616666666666667,1022.0916666666667,1.0,0,0.0,2.0,8.628333333333334
2022-09-01 08:00:00,13.2,76.0,0.0,0.0,0.0,0.0,3.0,11.2,19.8,1022.1,1.0,0,0.0,2.0,8.719999999999999
2022-09-01 08:05:00,13.399999999999999,75.41666666666667,0.0,0.0,0.0,0.0,2.75,10.958333333333332,19.741666666666667,1022.1166666666667,1.0,0,0.0,2.0,9.016666666666666
2022-09-01 08:10:00,13.6,74.83333333333333,0.0,0.0,0.0,0.0,2.5,10.716666666666667,19.683333333333334,1022.1333333333333,1.0,0,0.0,2.0,9.313333333333333
2022-09-01 08:15:00,13.799999999999999,74.25,0.0,0.0,0.0,0.0,2.25,10.475,19.625,1022.15,1.0,0,0.0,2.0,9.61
2022-09-01 08:20:00,14.0,73.66666666666667,0.0,0.0,0.0,0.0,2.0,10.233333333333333,19.566666666666666,1022.1666666666666,1.0,0,0.0,2.0,9.906666666666666
2022-09-01 08:25:00,14.2,73.08333333333333,0.0,0.0,0.0,0.0,1.75,9.991666666666667,19.508333333333333,1022.1833333333333,1.0,0,0.0,2.0,10.203333333333333
2022-09-01 08:30:00,14.399999999999999,72.5,0.0,0.0,0.0,0.0,1.5,9.75,19.450000000000003,1022.2,1.0,0,0.0,2.0,10.499999999999998
2022-09-01 08:35:00,14.6,71.91666666666667,0.0,0.0,0.0,0.0,1.25,9.508333333333333,19.39166666666667,1022.2166666666667,1.0,0,0.0,2.0,10.796666666666667
2022-09-01 08:40:00,14.799999999999999,71.33333333333333,0.0,0.0,0.0,0.0,1.0,9.266666666666667,19.333333333333336,1022.2333333333333,1.0,0,0.0,2.0,11.093333333333332
2022-09-01 08:45:00,15.0,70.75,0.0,0.0,0.0,0.0,0.75,9.025,19.275000000000002,1022.25,1.0,0,0.0,2.0,11.39
2022-09-01 08:50:00,15.2,70.16666666666667,0.0,0.0,0.0,0.0,0.5,8.783333333333333,19.21666666666667,1022.2666666666667,1.0,0,0.0,2.0,11.686666666666666
2022-09-01 08:55:00,15.4,69.58333333333333,0.0,0.0,0.0,0.0,0.25,8.541666666666668,19.158333333333335,1022.2833333333333,1.0,0,0.0,2.0,11.983333333333333
2022-09-01 09:00:00,15.6,69.0,0.0,0.0,0.0,0.0,0.0,8.3,19.1,1022.3,1.0,0,0.0,2.0,12.28
2022-09-01 09:05:00,15.808333333333334,68.25,0.0,0.0,0.0,0.0,0.0,8.4,19.275000000000002,1022.3083333333333,1.0,0,0.0,2.0,12.448333333333334
2022-09-01 09:10:00,16.016666666666666,67.5,0.0,0.0,0.0,0.0,0.0,8.5,19.450000000000003,1022.3166666666666,1.0,0,0.0,2.0,12.616666666666665
2022-09-01 09:15:00,16.225,66.75,0.0,0.0,0.0,0.0,0.0,8.600000000000001,19.625,1022.3249999999999,1.0,0,0.0,2.0,12.785
2022-09-01 09:20:00,16.433333333333334,66.0,0.0,0.0,0.0,0.0,0.0,8.700000000000001,19.8,1022.3333333333333,1.0,0,0.0,2.0,12.953333333333333
2022-09-01 09:25:00,16.641666666666666,65.25,0.0,0.0,0.0,0.0,0.0,8.8,19.975,1022.3416666666666,1.0,0,0.0,2.0,13.121666666666666
2022-09-01 09:30:00,16.85,64.5,0.0,0.0,0.0,0.0,0.0,8.9,20.15,1022.3499999999999,1.0,0,0.0,2.0,13.290000000000001
2022-09-01 09:35:00,17.058333333333334,63.75,0.0,0.0,0.0,0.0,0.0,9.0,20.325,1022.3583333333333,1.0,0,0.0,2.0,13.458333333333334
2022-09-01 09:40:00,17.266666666666666,63.0,0.0,0.0,0.0,0.0,0.0,9.1,20.5,1022.3666666666667,1.0,0,0.0,2.0,13.626666666666665
2022-09-01 09:45:00,17.475,62.25,0.0,0.0,0.0,0.0,0.0,9.2,20.675,1022.375,1.0,0,0.0,2.0,13.795000000000002
2022-09-01 09:50:00,17.683333333333334,61.5,0.0,0.0,0.0,0.0,0.0,9.3,20.85,1022.3833333333333,1.0,0,0.0,2.0,13.963333333333333
2022-09-01 09:55:00,17.89166666666667,60.75,0.0,0.0,0.0,0.0,0.0,9.4,21.025,1022.3916666666667,1.0,0,0.0,2.0,14.13166666666667
2022-09-01 10:00:00,18.1,60.0,0.0,0.0,0.0,0.0,0.0,9.5,21.2,1022.4,1.0,0,0.0,2.0,14.3
2022-09-01 10:05:00,18.258333333333333,59.25,0.0,0.0,0.0,0.0,0.0,9.616666666666667,21.5,1022.375,1.0,0,0.0,2.0,14.411666666666665
2022-09-01 10:10:00,18.416666666666668,58.5,0.0,0.0,0.0,0.0,0.0,9.733333333333334,21.8,1022.35,1.0,0,0.0,2.0,14.523333333333333
2022-09-01 10:15:00,18.575000000000003,57.75,0.0,0.0,0.0,0.0,0.0,9.85,22.1,1022.325,1.0,0,0.0,2.0,14.635000000000003
2022-09-01 10:20:00,18.733333333333334,57.0,0.0,0.0,0.0,0.0,0.0,9.966666666666667,22.4,1022.3,1.0,0,0.0,2.0,14.746666666666668
2022-09-01 10:25:00,18.891666666666666,56.25,0.0,0.0,0.0,0.0,0.0,10.083333333333334,22.7,1022.275,1.0,0,0.0,2.0,14.85833333333333
2022-09-01 10:30:00,19.05,55.5,0.0,0.0,0.0,0.0,0.0,10.2,23.0,1022.25,1.0,0,0.0,2.0,14.97
2022-09-01 10:35:00,19.208333333333336,54.75,0.0,0.0,0.0,0.0,0.0,10.316666666666666,23.3,1022.225,1.0,0,0.0,2.0,15.081666666666669
2022-09-01 10:40:00,19.366666666666667,54.0,0.0,0.0,0.0,0.0,0.0,10.433333333333334,23.6,1022.2,1.0,0,0.0,2.0,15.193333333333333
2022-09-01 10:45:00,19.525,53.25,0.0,0.0,0.0,0.0,0.0,10.55,23.9,1022.175,1.0,0,0.0,2.0,15.304999999999998
2022-09-01 10:50:00,19.683333333333334,52.5,0.0,0.0,0.0,0.0,0.0,10.666666666666668,24.2,1022.15,1.0,0,0.0,2.0,15.416666666666666
2022-09-01 10:55:00,19.84166666666667,51.75,0.0,0.0,0.0,0.0,0.0,10.783333333333333,24.5,1022.125,1.0,0,0.0,2.0,15.528333333333336
2022-09-01 11:00:00,20.0,51.0,0.0,0.0,0.0,0.0,0.0,10.9,24.8,1022.1,1.0,0,0.0,2.0,15.64
2022-09-01 11:05:00,20.108333333333334,50.333333333333336,0.0,0.0,0.0,0.0,3.5,11.216666666666667,25.400000000000002,1022.0833333333334,1.0,0,0.0,3.0,15.621666666666666
2022-09-01 11:10:00,20.21666666666667,49.666666666666664,0.0,0.0,0.0,0.0,7.0,11.533333333333333,26.0,1022.0666666666667,1.0,0,0.0,3.0,15.603333333333335
2022-09-01 11:15:00,20.325,49.0,0.0,0.0,0.0,0.0,10.5,11.85,26.6,1022.05,1.0,0,0.0,3.0,15.584999999999999
2022-09-01 11:20:00,20.433333333333334,48.333333333333336,0.0,0.0,0.0,0.0,14.0,12.166666666666666,27.2,1022.0333333333333,1.0,0,0.0,3.0,15.566666666666666
2022-09-01 11:25:00,20.541666666666668,47.666666666666664,0.0,0.0,0.0,0.0,17.5,12.483333333333334,27.8,1022.0166666666667,1.0,0,0.0,3.0,15.548333333333334
2022-09-01 11:30:00,20.65,47.0,0.0,0.0,0.0,0.0,21.0,12.8,28.4,1022.0,1.0,0,0.0,3.0,15.529999999999998
2022-09-01 11:35:00,20.758333333333333,46.333333333333336,0.0,0.0,0.0,0.0,24.5,13.116666666666667,29.0,1021.9833333333333,1.0,0,0.0,3.0,15.511666666666667
2022-09-01 11:40:00,20.866666666666667,45.666666666666664,0.0,0.0,0.0,0.0,28.0,13.433333333333334,29.6,1021.9666666666667,1.0,0,0.0,3.0,15.493333333333332
2022-09-01 11:45:00,20.975,45.0,0.0,0.0,0.0,0.0,31.5,13.75,30.2,1021.95,1.0,0,0.0,3.0,15.475000000000001
2022-09-01 11:50:00,21.083333333333336,44.333333333333336,0.0,0.0,0.0,0.0,35.0,14.066666666666666,30.8,1021.9333333333333,1.0,0,0.0,3.0,15.456666666666669
2022-09-01 11:55:00,21.191666666666666,43.666666666666664,0.0,0.0,0.0,0.0,38.5,14.383333333333333,31.4,1021.9166666666666,1.0,0,0.0,3.0,15.438333333333333
2022-09-01 12:00:00,21.3,43.0,0.0,0.0,0.0,1.0,42.0,14.7,32.0,1021.9,1.0,0,0.0,3.0,15.420000000000002
2022-09-01 12:05:00,21.34166666666667,42.666666666666664,0.0,0.0,0.0,1.0,46.833333333333336,14.725,32.03333333333333,1021.8666666666667,1.0,0,0.0,3.0,15.451666666666668
2022-09-01 12:10:00,21.383333333333333,42.333333333333336,0.0,0.0,0.0,1.0,51.666666666666664,14.75,32.06666666666666,1021.8333333333333,1.0,0,0.0,3.0,15.483333333333333
2022-09-01 12:15:00,21.425,42.0,0.0,0.0,0.0,1.0,56.5,14.774999999999999,32.1,1021.8,1.0,0,0.0,3.0,15.515
2022-09-01 12:20:00,21.46666666666667,41.666666666666664,0.0,0.0,0.0,1.0,61.33333333333333,14.799999999999999,32.13333333333333,1021.7666666666667,1.0,0,0.0,3.0,15.546666666666669
2022-09-01 12:25:00,21.508333333333333,41.333333333333336,0.0,0.0,0.0,1.0,66.16666666666666,14.825,32.166666666666664,1021.7333333333333,1.0,0,0.0,3.0,15.578333333333333
2022-09-01 12:30:00,21.55,41.0,0.0,0.0,0.0,1.0,71.0,14.85,32.2,1021.7,1.0,0,0.0,3.0,15.61
2022-09-01 12:35:00,21.59166666666667,40.666666666666664,0.0,0.0,0.0,1.0,75.83333333333333,14.875,32.233333333333334,1021.6666666666666,1.0,0,0.0,3.0,15.64166666666667
2022-09-01 12:40:00,21.633333333333333,40.333333333333336,0.0,0.0,0.0,1.0,80.66666666666666,14.9,32.266666666666666,1021.6333333333333,1.0,0,0.0,3.0,15.673333333333332
2022-09-01 12:45:00,21.675,40.0,0.0,0.0,0.0,1.0,85.5,14.925,32.3,1021.6,1.0,0,0.0,3.0,15.705
2022-09-01 12:50:00,21.71666666666667,39.666666666666664,0.0,0.0,0.0,1.0,90.33333333333333,14.95,32.33333333333333,1021.5666666666666,1.0,0,0.0,3.0,15.736666666666668
2022-09-01 12:55:00,21.758333333333333,39.333333333333336,0.0,0.0,0.0,1.0,95.16666666666666,14.975,32.36666666666667,1021.5333333333333,1.0,0,0.0,3.0,15.768333333333333
2022-09-01 13:00:00,21.8,39.0,0.0,0.0,0.0,3.0,100.0,15.0,32.4,1021.5,1.0,0,0.0,3.0,15.8
2022-09-01 13:05:00,21.84166666666667,38.916666666666664,0.0,0.0,0.0,3.0,100.0,14.9,32.4,1021.4833333333333,1.0,0,0.0,3.0,15.881666666666668
2022-09-01 13:10:00,21.883333333333333,38.833333333333336,0.0,0.0,0.0,3.0,100.0,14.8,32.4,1021.4666666666667,1.0,0,0.0,3.0,15.963333333333331
2022-09-01 13:15:00,21.925,38.75,0.0,0.0,0.0,3.0,100.0,14.7,32.4,1021.45,1.0,0,0.0,3.0,16.045
2022-09-01 13:20:00,21.96666666666667,38.666666666666664,0.0,0.0,0.0,3.0,100.0,14.6,32.4,1021.4333333333333,1.0,0,0.0,3.0,16.12666666666667
2022-09-01 13:25:00,22.008333333333333,38.583333333333336,0.0,0.0,0.0,3.0,100.0,14.5,32.4,1021.4166666666666,1.0,0,0.0,3.0,16.208333333333332
2022-09-01 13:30:00,22.05,38.5,0.0,0.0,0.0,3.0,100.0,14.4,32.4,1021.4,1.0,0,0.0,3.0,16.29
2022-09-01 13:35:00,22.09166666666667,38.416666666666664,0.0,0.0,0.0,3.0,100.0,14.3,32.4,1021.3833333333333,1.0,0,0.0,3.0,16.37166666666667
2022-09-01 13:40:00,22.133333333333333,38.333333333333336,0.0,0.0,0.0,3.0,100.0,14.200000000000001,32.4,1021.3666666666667,1.0,0,0.0,3.0,16.453333333333333
2022-09-01 13:45:00,22.175,38.25,0.0,0.0,0.0,3.0,100.0,14.100000000000001,32.4,1021.3499999999999,1.0,0,0.0,3.0,16.535
2022-09-01 13:50:00,22.21666666666667,38.166666666666664,0.0,0.0,0.0,3.0,100.0,14.0,32.4,1021.3333333333333,1.0,0,0.0,3.0,16.616666666666667
2022-09-01 13:55:00,22.258333333333333,38.083333333333336,0.0,0.0,0.0,3.0,100.0,13.9,32.4,1021.3166666666666,1.0,0,0.0,3.0,16.69833333333333
2022-09-01 14:00:00,22.3,38.0,0.0,0.0,0.0,3.0,100.0,13.8,32.4,1021.3,1.0,0,0.0,3.0,16.78
2022-09-01 14:05:00,22.333333333333336,37.75,0.0,0.0,0.0,3.0,98.33333333333333,13.8,32.21666666666667,1021.275,1.0,0,0.0,3.0,16.813333333333336
2022-09-01 14:10:00,22.366666666666667,37.5,0.0,0.0,0.0,3.0,96.66666666666667,13.8,32.03333333333333,1021.25,1.0,0,0.0,3.0,16.846666666666668
2022-09-01 14:15:00,22.4,37.25,0.0,0.0,0.0,3.0,95.0,13.8,31.849999999999998,1021.2249999999999,1.0,0,0.0,3.0,16.88
2022-09-01 14:20:00,22.433333333333334,37.0,0.0,0.0,0.0,3.0,93.33333333333333,13.8,31.666666666666664,1021.1999999999999,1.0,0,0.0,3.0,16.913333333333334
2022-09-01 14:25:00,22.46666666666667,36.75,0.0,0.0,0.0,3.0,91.66666666666667,13.8,31.48333333333333,1021.175,1.0,0,0.0,3.0,16.94666666666667
2022-09-01 14:30:00,22.5,36.5,0.0,0.0,0.0,3.0,90.0,13.8,31.299999999999997,1021.15,1.0,0,0.0,3.0,16.98
2022-09-01 14:35:00,22.53333333333333,36.25,0.0,0.0,0.0,3.0,88.33333333333333,13.8,31.116666666666667,1021.125,1.0,0,0.0,3.0,17.013333333333332
2022-09-01 14:40:00,22.566666666666666,36.0,0.0,0.0,0.0,3.0,86.66666666666667,13.8,30.933333333333334,1021.1,1.0,0,0.0,3.0,17.046666666666667
2022-09-01 14:45:00,22.6,35.75,0.0,0.0,0.0,3.0,85.0,13.8,30.75,1021.075,1.0,0,0.0,3.0,17.080000000000002
2022-09-01 14:50:00,22.633333333333333,35.5,0.0,0.0,0.0,3.0,83.33333333333333,13.8,30.566666666666666,1021.05,1.0,0,0.0,3.0,17.113333333333333
2022-09-01 14:55:00,22.666666666666664,35.25,0.0,0.0,0.0,3.0,81.66666666666666,13.8,30.383333333333333,1021.025,1.0,0,0.0,3.0,17.146666666666665
2022-09-01 15:00:00,22.7,35.0,0.0,0.0,0.0,3.0,80.0,13.8,30.2,1021.0,1.0,0,0.0,3.0,17.18
2022-09-01 15:05:00,22.65833333333333,35.083333333333336,0.0,0.0,0.0,3.0,81.66666666666667,13.850000000000001,30.175,1020.9666666666667,1.0,0,0.0,3.0,17.118333333333332
2022-09-01 15:10:00,22.616666666666667,35.166666666666664,0.0,0.0,0.0,3.0,83.33333333333333,13.9,30.15,1020.9333333333334,1.0,0,0.0,3.0,17.056666666666665
2022-09-01 15:15:00,22.575,35.25,0.0,0.0,0.0,3.0,85.0,13.950000000000001,30.125,1020.9,1.0,0,0.0,3.0,16.994999999999997
2022-09-01 15:20:00,22.53333333333333,35.333333333333336,0.0,0.0,0.0,3.0,86.66666666666667,14.0,30.099999999999998,1020.8666666666667,1.0,0,0.0,3.0,16.93333333333333
2022-09-01 15:25:00,22.491666666666667,35.416666666666664,0.0,0.0,0.0,3.0,88.33333333333333,14.05,30.075,1020.8333333333334,1.0,0,0.0,3.0,16.871666666666666
2022-09-01 15:30:00,22.45,35.5,0.0,0.0,0.0,3.0,90.0,14.100000000000001,30.049999999999997,1020.8,1.0,0,0.0,3.0,16.81
2022-09-01 15:35:00,22.40833333333333,35.583333333333336,0.0,0.0,0.0,3.0,91.66666666666667,14.15,30.025,1020.7666666666667,1.0,0,0.0,3.0,16.74833333333333
2022-09-01 15:40:00,22.366666666666667,35.666666666666664,0.0,0.0,0.0,3.0,93.33333333333333,14.200000000000001,30.0,1020.7333333333333,1.0,0,0.0,3.0,16.686666666666667
2022-09-01 15:45:00,22.325,35.75,0.0,0.0,0.0,3.0,95.0,14.25,29.974999999999998,1020.7,1.0,0,0.0,3.0,16.625
2022-09-01 15:50:00,22.28333333333333,35.833333333333336,0.0,0.0,0.0,3.0,96.66666666666667,14.3,29.95,1020.6666666666667,1.0,0,0.0,3.0,16.563333333333333
2022-09-01 15:55:00,22.241666666666667,35.916666666666664,0.0,0.0,0.0,3.0,98.33333333333334,14.35,29.924999999999997,1020.6333333333333,1.0,0,0.0,3.0,16.501666666666665
2022-09-01 16:00:00,22.2,36.0,0.0,0.0,0.0,3.0,100.0,14.4,29.9,1020.6,1.0,0,0.0,3.0,16.439999999999998
2022-09-01 16:05:00,22.191666666666666,36.083333333333336,0.0,0.0,0.0,3.0,96.91666666666667,14.366666666666667,29.924999999999997,1020.5833333333334,1.0,0,0.0,3.0,16.445
2022-09-01 16:10:00,22.183333333333334,36.166666666666664,0.0,0.0,0.0,3.0,93.83333333333333,14.333333333333334,29.95,1020.5666666666667,1.0,0,0.0,3.0,16.45
2022-09-01 16:15:00,22.175,36.25,0.0,0.0,0.0,3.0,90.75,14.3,29.974999999999998,1020.55,1.0,0,0.0,3.0,16.455
2022-09-01 16:20:00,22.166666666666668,36.333333333333336,0.0,0.0,0.0,3.0,87.66666666666667,14.266666666666667,30.0,1020.5333333333333,1.0,0,0.0,3.0,16.46
2022-09-01 16:25:00,22.158333333333335,36.416666666666664,0.0,0.0,0.0,3.0,84.58333333333333,14.233333333333334,30.025,1020.5166666666667,1.0,0,0.0,3.0,16.465
2022-09-01 16:30:00,22.15,36.5,0.0,0.0,0.0,3.0,81.5,14.2,30.049999999999997,1020.5,1.0,0,0.0,3.0,16.47
2022-09-01 16:35:00,22.141666666666666,36.583333333333336,0.0,0.0,0.0,3.0,78.41666666666666,14.166666666666666,30.075,1020.4833333333333,1.0,0,0.0,3.0,16.474999999999998
2022-09-01 16:40:00,22.133333333333333,36.666666666666664,0.0,0.0,0.0,3.0,75.33333333333333,14.133333333333333,30.099999999999998,1020.4666666666667,1.0,0,0.0,3.0,16.48
2022-09-01 16:45:00,22.125,36.75,0.0,0.0,0.0,3.0,72.25,14.1,30.125,1020.45,1.0,0,0.0,3.0,16.485
2022-09-01 16:50:00,22.116666666666667,36.833333333333336,0.0,0.0,0.0,3.0,69.16666666666666,14.066666666666666,30.15,1020.4333333333333,1.0,0,0.0,3.0,16.490000000000002
2022-09-01 16:55:00,22.108333333333334,36.916666666666664,0.0,0.0,0.0,3.0,66.08333333333333,14.033333333333333,30.175,1020.4166666666666,1.0,0,0.0,3.0,16.495
2022-09-01 17:00:00,22.1,37.0,0.0,0.0,0.0,2.0,63.0,14.0,30.2,1020.4,1.0,0,0.0,3.0,16.5
2022-09-01 17:05:00,22.05,37.166666666666664,0.0,0.0,0.0,2.0,66.08333333333333,14.1,30.2,1020.375,1.0,0,0.0,3.0,16.41
2022-09-01 17:10:00,22.0,37.333333333333336,0.0,0.0,0.0,2.0,69.16666666666667,14.2,30.2,1020.35,1.0,0,0.0,3.0,16.32
2022-09-01 17:15:00,21.950000000000003,37.5,0.0,0.0,0.0,2.0,72.25,14.3,30.2,1020.325,1.0,0,0.0,3.0,16.230000000000004
2022-09-01 17:20:00,21.900000000000002,37.666666666666664,0.0,0.0,0.0,2.0,75.33333333333333,14.4,30.2,1020.3,1.0,0,0.0,3.0,16.14
2022-09-01 17:25:00,21.85,37.833333333333336,0.0,0.0,0.0,2.0,78.41666666666667,14.5,30.2,1020.275,1.0,0,0.0,3.0,16.05
2022-09-01 17:30:00,21.8,38.0,0.0,0.0,0.0,2.0,81.5,14.6,30.2,1020.25,1.0,0,0.0,3.0,15.96
2022-09-01 17:35:00,21.75,38.166666666666664,0.0,0.0,0.0,2.0,84.58333333333334,14.7,30.2,1020.225,1.0,0,0.0,3.0,15.870000000000001
2022-09-01 17:40:00,21.7,38.333333333333336,0.0,0.0,0.0,2.0,87.66666666666667,14.799999999999999,30.2,1020.2,1.0,0,0.0,3.0,15.78
2022-09-01 17:45:00,21.65,38.5,0.0,0.0,0.0,2.0,90.75,14.899999999999999,30.2,1020.175,1.0,0,0.0,3.0,15.689999999999998
2022-09-01 17:50:00,21.6,38.666666666666664,0.0,0.0,0.0,2.0,93.83333333333334,15.0,30.2,1020.15,1.0,0,0.0,3.0,15.600000000000001
2022-09-01 17:55:00,21.55,38.833333333333336,0.0,0.0,0.0,2.0,96.91666666666667,15.1,30.2,1020.125,1.0,0,0.0,3.0,15.510000000000002
2022-09-01 18:00:00,21.5,39.0,0.0,0.0,0.0,3.0,100.0,15.2,30.2,1020.1,1.0,0,0.0,3.0,15.42
2022-09-01 18:05:00,21.425,39.333333333333336,0.0,0.0,0.0,3.0,94.66666666666667,14.975,30.233333333333334,1020.0833333333334,1.0,0,0.0,3.0,15.435
2022-09-01 18:10:00,21.35,39.666666666666664,0.0,0.0,0.0,3.0,89.33333333333333,14.75,30.266666666666666,1020.0666666666667,1.0,0,0.0,3.0,15.450000000000001
2022-09-01 18:15:00,21.275,40.0,0.0,0.0,0.0,3.0,84.0,14.524999999999999,30.3,1020.05,1.0,0,0.0,3.0,15.465
2022-09-01 18:20:00,21.2,40.333333333333336,0.0,0.0,0.0,3.0,78.66666666666667,14.299999999999999,30.333333333333332,1020.0333333333333,1.0,0,0.0,3.0,15.48
2022-09-01 18:25:00,21.125,40.666666666666664,0.0,0.0,0.0,3.0,73.33333333333334,14.075,30.366666666666667,1020.0166666666667,1.0,0,0.0,3.0,15.495000000000001
2022-09-01 18:30:00,21.05,41.0,0.0,0.0,0.0,3.0,68.0,13.85,30.4,1020.0,1.0,0,0.0,3.0,15.510000000000002
2022-09-01 18:35:00,20.975,41.333333333333336,0.0,0.0,0.0,3.0,62.66666666666667,13.625,30.433333333333334,1019.9833333333333,1.0,0,0.0,3.0,15.525000000000002
2022-09-01 18:40:00,20.900000000000002,41.666666666666664,0.0,0.0,0.0,3.0,57.333333333333336,13.4,30.46666666666667,1019.9666666666667,1.0,0,0.0,3.0,15.540000000000003
2022-09-01 18:45:00,20.825000000000003,42.0,0.0,0.0,0.0,3.0,52.0,13.175,30.5,1019.95,1.0,0,0.0,3.0,15.555000000000003
2022-09-01 18:50:00,20.75,42.333333333333336,0.0,0.0,0.0,3.0,46.66666666666667,12.95,30.533333333333335,1019.9333333333333,1.0,0,0.0,3.0,15.57
2022-09-01 18:55:00,20.675,42.666666666666664,0.0,0.0,0.0,3.0,41.333333333333336,12.725,30.566666666666666,1019.9166666666666,1.0,0,0.0,3.0,15.585
2022-09-01 19:00:00,20.6,43.0,0.0,0.0,0.0,1.0,36.0,12.5,30.6,1019.9,1.0,0,0.0,3.0,15.600000000000001
2022-09-01 19:05:00,20.450000000000003,43.416666666666664,0.0,0.0,0.0,1.0,33.333333333333336,12.291666666666666,30.033333333333335,1019.8916666666667,1.0,0,0.0,3.0,15.533333333333335
2022-09-01 19:10:00,20.3,43.833333333333336,0.0,0.0,0.0,1.0,30.666666666666668,12.083333333333334,29.46666666666667,1019.8833333333333,1.0,0,0.0,3.0,15.466666666666667
2022-09-01 19:15:00,20.150000000000002,44.25,0.0,0.0,0.0,1.0,28.0,11.875,28.900000000000002,1019.875,1.0,0,0.0,3.0,15.400000000000002
2022-09-01 19:20:00,20.0,44.666666666666664,0.0,0.0,0.0,1.0,25.333333333333336,11.666666666666666,28.333333333333336,1019.8666666666667,1.0,0,0.0,2.0,15.333333333333332
2022-09-01 19:25:00,19.85,45.083333333333336,0.0,0.0,0.0,1.0,22.666666666666668,11.458333333333334,27.766666666666666,1019.8583333333333,1.0,0,0.0,2.0,15.266666666666667
2022-09-01 19:30:00,19.700000000000003,45.5,0.0,0.0,0.0,1.0,20.0,11.25,27.200000000000003,1019.8499999999999,1.0,0,0.0,2.0,15.200000000000003
2022-09-01 19:35:00,19.55,45.916666666666664,0.0,0.0,0.0,1.0,17.333333333333336,11.041666666666666,26.633333333333333,1019.8416666666666,1.0,0,0.0,2.0,15.133333333333333
2022-09-01 19:40:00,19.400000000000002,46.333333333333336,0.0,0.0,0.0,1.0,14.666666666666668,10.833333333333334,26.066666666666666,1019.8333333333333,1.0,0,0.0,2.0,15.066666666666668
2022-09-01 19:45:00,19.25,46.75,0.0,0.0,0.0,1.0,12.0,10.625,25.5,1019.8249999999999,1.0,0,0.0,2.0,15.0
2022-09-01 19:50:00,19.1,47.166666666666664,0.0,0.0,0.0,1.0,9.333333333333336,10.416666666666666,24.933333333333334,1019.8166666666666,1.0,0,0.0,2.0,14.933333333333334
2022-09-01 19:55:00,18.95,47.583333333333336,0.0,0.0,0.0,1.0,6.666666666666668,10.208333333333332,24.366666666666667,1019.8083333333333,1.0,0,0.0,2.0,14.866666666666667
2022-09-01 20:00:00,18.8,48.0,0.0,0.0,0.0,0.0,4.0,10.0,23.8,1019.8,1.0,0,0.0,2.0,14.8
2022-09-01 20:05:00,18.683333333333334,48.25,0.0,0.0,0.0,0.0,4.5,10.158333333333333,23.525000000000002,1019.8249999999999,1.0,0,0.0,2.0,14.620000000000001
2022-09-01 20:10:00,18.566666666666666,48.5,0.0,0.0,0.0,0.0,5.0,10.316666666666666,23.25,1019.8499999999999,1.0,0,0.0,2.0,14.44
2022-09-01 20:15:00,18.45,48.75,0.0,0.0,0.0,0.0,5.5,10.475,22.975,1019.875,1.0,0,0.0,2.0,14.259999999999998
2022-09-01 20:20:00,18.333333333333332,49.0,0.0,0.0,0.0,0.0,6.0,10.633333333333333,22.7,1019.9,1.0,0,0.0,2.0,14.079999999999998
2022-09-01 20:25:00,18.216666666666665,49.25,0.0,0.0,0.0,0.0,6.5,10.791666666666666,22.425,1019.925,1.0,0,0.0,2.0,13.899999999999999
2022-09-01 20:30:00,18.1,49.5,0.0,0.0,0.0,0.0,7.0,10.95,22.15,1019.95,1.0,0,0.0,2.0,13.720000000000002
2022-09-01 20:35:00,17.983333333333334,49.75,0.0,0.0,0.0,0.0,7.5,11.108333333333334,21.875,1019.975,1.0,0,0.0,2.0,13.54
2022-09-01 20:40:00,17.866666666666667,50.0,0.0,0.0,0.0,0.0,8.0,11.266666666666667,21.6,1020.0,1.0,0,0.0,2.0,13.36
2022-09-01 20:45:00,17.75,50.25,0.0,0.0,0.0,0.0,8.5,11.425,21.325,1020.025,1.0,0,0.0,2.0,13.18
2022-09-01 20:50:00,17.633333333333333,50.5,0.0,0.0,0.0,0.0,9.0,11.583333333333334,21.05,1020.05,1.0,0,0.0,2.0,13.0
2022-09-01 20:55:00,17.516666666666666,50.75,0.0,0.0,0.0,0.0,9.5,11.741666666666667,20.775,1020.075,1.0,0,0.0,2.0,12.819999999999999
2022-09-01 21:00:00,17.4,51.0,0.0,0.0,0.0,0.0,10.0,11.9,20.5,1020.1,0.0,0,0.0,2.0,12.639999999999997
2022-09-01 21:05:00,17.35833333333333,50.833333333333336,0.0,0.0,0.0,0.0,10.166666666666666,12.075000000000001,20.858333333333334,1020.1,0.0,0,0.0,2.0,12.528333333333329
2022-09-01 21:10:00,17.316666666666666,50.666666666666664,0.0,0.0,0.0,0.0,10.333333333333334,12.25,21.21666666666667,1020.1,0.0,0,0.0,2.0,12.416666666666666
2022-09-01 21:15:00,17.275,50.5,0.0,0.0,0.0,0.0,10.5,12.425,21.575,1020.1,0.0,0,0.0,2.0,12.304999999999998
2022-09-01 21:20:00,17.23333333333333,50.333333333333336,0.0,0.0,0.0,0.0,10.666666666666666,12.6,21.933333333333334,1020.1,0.0,0,0.0,2.0,12.193333333333332
2022-09-01 21:25:00,17.191666666666666,50.166666666666664,0.0,0.0,0.0,0.0,10.833333333333334,12.775,22.291666666666668,1020.1,0.0,0,0.0,2.0,12.081666666666667
2022-09-01 21:30:00,17.15,50.0,0.0,0.0,0.0,0.0,11.0,12.95,22.65,1020.1,0.0,0,0.0,2.0,11.969999999999999
2022-09-01 21:35:00,17.10833333333333,49.833333333333336,0.0,0.0,0.0,0.0,11.166666666666666,13.125,23.008333333333333,1020.1,0.0,0,0.0,2.0,11.85833333333333
2022-09-01 21:40:00,17.066666666666666,49.666666666666664,0.0,0.0,0.0,0.0,11.333333333333334,13.3,23.366666666666667,1020.1,0.0,0,0.0,2.0,11.746666666666666
2022-09-01 21:45:00,17.025,49.5,0.0,0.0,0.0,0.0,11.5,13.475,23.725,1020.1,0.0,0,0.0,2.0,11.634999999999998
2022-09-01 21:50:00,16.98333333333333,49.333333333333336,0.0,0.0,0.0,0.0,11.666666666666666,13.65,24.083333333333336,1020.1,0.0,0,0.0,2.0,11.52333333333333
2022-09-01 21:55:00,16.941666666666666,49.166666666666664,0.0,0.0,0.0,0.0,11.833333333333334,13.825,24.441666666666666,1020.1,0.0,0,0.0,2.0,11.411666666666665
2022-09-01 22:00:00,16.9,49.0,0.0,0.0,0.0,0.0,12.0,14.0,24.8,1020.1,0.0,0,0.0,2.0,11.299999999999997
2022-09-01 22:05:00,16.866666666666667,48.75,0.0,0.0,0.0,0.0,11.0,14.075,24.95,1020.1083333333333,0.0,0,0.0,2.0,11.236666666666668
2022-09-01 22:10:00,16.833333333333332,48.5,0.0,0.0,0.0,0.0,10.0,14.15,25.1,1020.1166666666667,0.0,0,0.0,2.0,11.173333333333332
2022-09-01 22:15:00,16.799999999999997,48.25,0.0,0.0,0.0,0.0,9.0,14.225,25.25,1020.125,0.0,0,0.0,2.0,11.109999999999996
2022-09-01 22:20:00,16.766666666666666,48.0,0.0,0.0,0.0,0.0,8.0,14.3,25.400000000000002,1020.1333333333333,0.0,0,0.0,2.0,11.046666666666665
2022-09-01 22:25:00,16.733333333333334,47.75,0.0,0.0,0.0,0.0,7.0,14.375,25.55,1020.1416666666667,0.0,0,0.0,2.0,10.983333333333334
2022-09-01 22:30:00,16.7,47.5,0.0,0.0,0.0,0.0,6.0,14.45,25.700000000000003,1020.1500000000001,0.0,0,0.0,2.0,10.919999999999998
2022-09-01 22:35:00,16.666666666666664,47.25,0.0,0.0,0.0,0.0,5.0,14.525,25.85,1020.1583333333334,0.0,0,0.0,2.0,10.856666666666664
2022-09-01 22:40:00,16.633333333333333,47.0,0.0,0.0,0.0,0.0,4.0,14.6,26.0,1020.1666666666667,0.0,0,0.0,2.0,10.793333333333333
2022-09-01 22:45:00,16.6,46.75,0.0,0.0,0.0,0.0,3.0,14.675,26.150000000000002,1020.1750000000001,0.0,0,0.0,2.0,10.73
2022-09-01 22:50:00,16.566666666666666,46.5,0.0,0.0,0.0,0.0,2.0,14.75,26.3,1020.1833333333334,0.0,0,0.0,2.0,10.666666666666666
2022-09-01 22:55:00,16.53333333333333,46.25,0.0,0.0,0.0,0.0,1.0,14.825000000000001,26.450000000000003,1020.1916666666667,0.0,0,0.0,2.0,10.603333333333332
2022-09-01 23:00:00,16.5,46.0,0.0,0.0,0.0,0.0,0.0,14.9,26.6,1020.2,0.0,0,0.0,2.0,10.54
2022-09-01 23:05:00,16.458333333333332,46.166666666666664,0.0,0.0,0.0,0.0,0.0,15.141666666666667,26.991666666666667,1020.2083333333334,0.0,0,0.0,2.0,10.401666666666664
2022-09-01 23:10:00,16.416666666666668,46.333333333333336,0.0,0.0,0.0,0.0,0.0,15.383333333333333,27.383333333333333,1020.2166666666667,0.0,0,0.0,2.0,10.263333333333335
2022-09-01 23:15:00,16.375,46.5,0.0,0.0,0.0,0.0,0.0,15.625,27.775000000000002,1020.225,0.0,0,0.0,2.0,10.125
2022-09-01 23:20:00,16.333333333333332,46.666666666666664,0.0,0.0,0.0,0.0,0.0,15.866666666666667,28.166666666666668,1020.2333333333333,0.0,0,0.0,2.0,9.986666666666665
2022-09-01 23:25:00,16.291666666666668,46.833333333333336,0.0,0.0,0.0,0.0,0.0,16.108333333333334,28.558333333333334,1020.2416666666667,0.0,0,0.0,2.0,9.848333333333333
2022-09-01 23:30:00,16.25,47.0,0.0,0.0,0.0,0.0,0.0,16.35,28.950000000000003,1020.25,0.0,0,0.0,2.0,9.709999999999999
2022-09-01 23:35:00,16.208333333333332,47.166666666666664,0.0,0.0,0.0,0.0,0.0,16.59166666666667,29.34166666666667,1020.2583333333333,0.0,0,0.0,2.0,9.571666666666665
2022-09-01 23:40:00,16.166666666666668,47.333333333333336,0.0,0.0,0.0,0.0,0.0,16.833333333333336,29.733333333333334,1020.2666666666667,0.0,0,0.0,2.0,9.433333333333334
2022-09-01 23:45:00,16.125,47.5,0.0,0.0,0.0,0.0,0.0,17.075,30.125,1020.275,0.0,0,0.0,2.0,9.295
2022-09-01 23:50:00,16.083333333333332,47.666666666666664,0.0,0.0,0.0,0.0,0.0,17.316666666666666,30.516666666666666,1020.2833333333333,0.0,0,0.0,2.0,9.156666666666666
2022-09-01 23:55:00,16.041666666666668,47.833333333333336,0.0,0.0,0.0,0.0,0.0,17.558333333333334,30.908333333333335,1020.2916666666666,0.0,0,0.0,2.0,9.018333333333334
2022-09-02 00:00:00,16.0,48.0,0.0,0.0,0.0,0.0,0.0,17.8,31.3,1020.3,0.0,0,0.0,2.0,8.879999999999999
2022-09-02 00:05:00,15.941666666666666,48.25,0.0,0.0,0.0,0.0,0.0,17.816666666666666,31.425,1020.2833333333333,0.0,0,0.0,2.0,8.815
2022-09-02 00:10:00,15.883333333333333,48.5,0.0,0.0,0.0,0.0,0.0,17.833333333333336,31.55,1020.2666666666667,0.0,0,0.0,2.0,8.749999999999998
2022-09-02 00:15:00,15.825,48.75,0.0,0.0,0.0,0.0,0.0,17.85,31.675,1020.25,0.0,0,0.0,2.0,8.684999999999999
2022-09-02 00:20:00,15.766666666666667,49.0,0.0,0.0,0.0,0.0,0.0,17.866666666666667,31.8,1020.2333333333333,0.0,0,0.0,2.0,8.620000000000001
2022-09-02 00:25:00,15.708333333333334,49.25,0.0,0.0,0.0,0.0,0.0,17.883333333333333,31.925,1020.2166666666667,0.0,0,0.0,2.0,8.555
2022-09-02 00:30:00,15.65,49.5,0.0,0.0,0.0,0.0,0.0,17.9,32.05,1020.2,0.0,0,0.0,2.0,8.49
2022-09-02 00:35:00,15.591666666666667,49.75,0.0,0.0,0.0,0.0,0.0,17.916666666666668,32.175,1020.1833333333333,0.0,0,0.0,2.0,8.424999999999999
2022-09-02 00:40:00,15.533333333333333,50.0,0.0,0.0,0.0,0.0,0.0,17.933333333333334,32.3,1020.1666666666666,0.0,0,0.0,2.0,8.36
2022-09-02 00:45:00,15.475000000000001,50.25,0.0,0.0,0.0,0.0,0.0,17.95,32.425,1020.15,0.0,0,0.0,2.0,8.295000000000002
2022-09-02 00:50:00,15.416666666666668,50.5,0.0,0.0,0.0,0.0,0.0,17.96666666666667,32.55,1020.1333333333333,0.0,0,0.0,2.0,8.23
2022-09-02 00:55:00,15.358333333333334,50.75,0.0,0.0,0.0,0.0,0.0,17.983333333333334,32.675,1020.1166666666667,0.0,0,0.0,2.0,8.165
2022-09-02 01:00:00,15.3,51.0,0.0,0.0,0.0,0.0,0.0,18.0,32.8,1020.1,0.0,0,0.0,2.0,8.100000000000001
2022-09-02 01:05:00,15.275,51.166666666666664,0.0,0.0,0.0,0.0,0.0,17.991666666666667,32.824999999999996,1020.075,0.0,0,0.0,2.0,8.078333333333333
2022-09-02 01:10:00,15.25,51.333333333333336,0.0,0.0,0.0,0.0,0.0,17.983333333333334,32.849999999999994,1020.05,0.0,0,0.0,2.0,8.056666666666665
2022-09-02 01:15:00,15.225000000000001,51.5,0.0,0.0,0.0,0.0,0.0,17.975,32.875,1020.025,0.0,0,0.0,2.0,8.035
2022-09-02 01:20:00,15.200000000000001,51.666666666666664,0.0,0.0,0.0,0.0,0.0,17.966666666666665,32.9,1020.0,0.0,0,0.0,2.0,8.013333333333335
2022-09-02 01:25:00,15.175,51.833333333333336,0.0,0.0,0.0,0.0,0.0,17.958333333333332,32.925,1019.975,0.0,0,0.0,2.0,7.991666666666667
2022-09-02 01:30:00,15.15,52.0,0.0,0.0,0.0,0.0,0.0,17.95,32.95,1019.95,0.0,0,0.0,2.0,7.970000000000001
2022-09-02 01:35:00,15.125,52.166666666666664,0.0,0.0,0.0,0.0,0.0,17.941666666666666,32.975,1019.925,0.0,0,0.0,2.0,7.948333333333333
2022-09-02 01:40:00,15.1,52.333333333333336,0.0,0.0,0.0,0.0,0.0,17.933333333333334,33.0,1019.9,0.0,0,0.0,2.0,7.926666666666666
2022-09-02 01:45:00,15.075,52.5,0.0,0.0,0.0,0.0,0.0,17.924999999999997,33.025,1019.875,0.0,0,0.0,2.0,7.905
2022-09-02 01:50:00,15.05,52.666666666666664,0.0,0.0,0.0,0.0,0.0,17.916666666666664,33.05,1019.8499999999999,0.0,0,0.0,2.0,7.883333333333335
2022-09-02 01:55:00,15.025,52.833333333333336,0.0,0.0,0.0,0.0,0.0,17.90833333333333,33.075,1019.8249999999999,0.0,0,0.0,2.0,7.861666666666667
2022-09-02 02:00:00,15.0,53.0,0.0,0.0,0.0,0.0,0.0,17.9,33.1,1019.8,0.0,0,0.0,2.0,7.84
2022-09-02 02:05:00,14.925,53.25,0.0,0.0,0.0,0.0,0.25,17.816666666666666,33.00833333333333,1019.775,0.0,0,0.0,2.0,7.798333333333334
2022-09-02 02:10:00,14.85,53.5,0.0,0.0,0.0,0.0,0.5,17.73333333333333,32.91666666666667,1019.75,0.0,0,0.0,2.0,7.756666666666667
2022-09-02 02:15:00,14.775,53.75,0.0,0.0,0.0,0.0,0.75,17.65,32.825,1019.7249999999999,0.0,0,0.0,2.0,7.715000000000001
2022-09-02 02:20:00,14.7,54.0,0.0,0.0,0.0,0.0,1.0,17.566666666666666,32.733333333333334,1019.6999999999999,0.0,0,0.0,2.0,7.673333333333332
2022-09-02 02:25:00,14.625,54.25,0.0,0.0,0.0,0.0,1.25,17.48333333333333,32.641666666666666,1019.675,0.0,0,0.0,2.0,7.631666666666668
2022-09-02 02:30:00,14.55,54.5,0.0,0.0,0.0,0.0,1.5,17.4,32.55,1019.65,0.0,0,0.0,2.0,7.590000000000001
2022-09-02 02:35:00,14.475,54.75,0.0,0.0,0.0,0.0,1.75,17.316666666666666,32.458333333333336,1019.625,0.0,0,0.0,2.0,7.548333333333333
2022-09-02 02:40:00,14.4,55.0,0.0,0.0,0.0,0.0,2.0,17.23333333333333,32.36666666666667,1019.6,0.0,0,0.0,2.0,7.506666666666668
2022-09-02 02:45:00,14.325,55.25,0.0,0.0,0.0,0.0,2.25,17.15,32.275,1019.575,0.0,0,0.0,2.0,7.465
2022-09-02 02:50:00,14.25,55.5,0.0,0.0,0.0,0.0,2.5,17.066666666666666,32.18333333333334,1019.55,0.0,0,0.0,2.0,7.423333333333333
2022-09-02 02:55:00,14.174999999999999,55.75,0.0,0.0,0.0,0.0,2.75,16.98333333333333,32.09166666666667,1019.525,0.0,0,0.0,2.0,7.381666666666666
2022-09-02 03:00:00,14.1,56.0,0.0,0.0,0.0,0.0,3.0,16.9,32.0,1019.5,0.0,0,0.0,2.0,7.34
2022-09-02 03:05:00,14.058333333333334,56.25,0.0,0.0,0.0,0.0,2.9166666666666665,16.866666666666667,31.85,1019.475,0.0,0,0.0,2.0,7.3116666666666665
2022-09-02 03:10:00,14.016666666666666,56.5,0.0,0.0,0.0,0.0,2.8333333333333335,16.833333333333332,31.7,1019.45,0.0,0,0.0,2.0,7.283333333333332
2022-09-02 03:15:00,13.975,56.75,0.0,0.0,0.0,0.0,2.75,16.799999999999997,31.55,1019.425,0.0,0,0.0,2.0,7.255000000000001
2022-09-02 03:20:00,13.933333333333334,57.0,0.0,0.0,0.0,0.0,2.6666666666666665,16.766666666666666,31.4,1019.4,0.0,0,0.0,2.0,7.226666666666667
2022-09-02 03:25:00,13.891666666666666,57.25,0.0,0.0,0.0,0.0,2.5833333333333335,16.733333333333334,31.25,1019.375,0.0,0,0.0,2.0,7.1983333333333315
2022-09-02 03:30:00,13.85,57.5,0.0,0.0,0.0,0.0,2.5,16.7,31.1,1019.35,0.0,0,0.0,2.0,7.17
2022-09-02 03:35:00,13.808333333333334,57.75,0.0,0.0,0.0,0.0,2.416666666666667,16.666666666666664,30.95,1019.325,0.0,0,0.0,2.0,7.1416666666666675
2022-09-02 03:40:00,13.766666666666666,58.0,0.0,0.0,0.0,0.0,2.3333333333333335,16.633333333333333,30.8,1019.3000000000001,0.0,0,0.0,2.0,7.113333333333332
2022-09-02 03:45:00,13.725,58.25,0.0,0.0,0.0,0.0,2.25,16.6,30.65,1019.2750000000001,0.0,0,0.0,2.0,7.084999999999999
2022-09-02 03:50:00,13.683333333333334,58.5,0.0,0.0,0.0,0.0,2.166666666666667,16.566666666666666,30.5,1019.25,0.0,0,0.0,2.0,7.056666666666667
2022-09-02 03:55:00,13.641666666666666,58.75,0.0,0.0,0.0,0.0,2.0833333333333335,16.53333333333333,30.349999999999998,1019.225,0.0,0,0.0,2.0,7.028333333333332
2022-09-02 04:00:00,13.6,59.0,0.0,0.0,0.0,0.0,2.0,16.5,30.2,1019.2,0.0,0,0.0,2.0,6.999999999999999
2022-09-02 04:05:00,13.575,59.25,0.0,0.0,0.0,0.0,1.8333333333333333,16.46666666666667,30.141666666666666,1019.1833333333334,0.0,0,0.0,2.0,6.9883333333333315
2022-09-02 04:10:00,13.55,59.5,0.0,0.0,0.0,0.0,1.6666666666666667,16.433333333333334,30.083333333333332,1019.1666666666667,0.0,0,0.0,2.0,6.976666666666667
2022-09-02 04:15:00,13.525,59.75,0.0,0.0,0.0,0.0,1.5,16.4,30.025,1019.1500000000001,0.0,0,0.0,2.0,6.965000000000001
2022-09-02 04:20:00,13.5,60.0,0.0,0.0,0.0,0.0,1.3333333333333335,16.366666666666667,29.966666666666665,1019.1333333333333,0.0,0,0.0,2.0,6.953333333333333
2022-09-02 04:25:00,13.475,60.25,0.0,0.0,0.0,0.0,1.1666666666666667,16.333333333333336,29.90833333333333,1019.1166666666667,0.0,0,0.0,2.0,6.941666666666665
2022-09-02 04:30:00,13.45,60.5,0.0,0.0,0.0,0.0,1.0,16.3,29.85,1019.1,0.0,0,0.0,2.0,6.929999999999999
2022-09-02 04:35:00,13.425,60.75,0.0,0.0,0.0,0.0,0.8333333333333335,16.266666666666666,29.791666666666668,1019.0833333333334,0.0,0,0.0,2.0,6.918333333333334
2022-09-02 04:40:00,13.4,61.0,0.0,0.0,0.0,0.0,0.6666666666666667,16.233333333333334,29.733333333333334,1019.0666666666667,0.0,0,0.0,2.0,6.906666666666666
2022-09-02 04:45:00,13.375,61.25,0.0,0.0,0.0,0.0,0.5,16.200000000000003,29.675,1019.05,0.0,0,0.0,2.0,6.894999999999999
2022-09-02 04:50:00,13.350000000000001,61.5,0.0,0.0,0.0,0.0,0.3333333333333335,16.166666666666668,29.616666666666667,1019.0333333333333,0.0,0,0.0,2.0,6.883333333333334
2022-09-02 04:55:00,13.325000000000001,61.75,0.0,0.0,0.0,0.0,0.16666666666666674,16.133333333333333,29.558333333333334,1019.0166666666667,0.0,0,0.0,2.0,6.871666666666668
2022-09-02 05:00:00,13.3,62.0,0.0,0.0,0.0,0.0,0.0,16.1,29.5,1019.0,0.0,0,0.0,2.0,6.859999999999999
2022-09-02 05:05:00,13.258333333333335,62.333333333333336,0.0,0.0,0.0,0.0,0.3333333333333333,16.075000000000003,29.441666666666666,1018.9916666666667,0.0,0,0.0,2.0,6.828333333333333
2022-09-02 05:10:00,13.216666666666667,62.666666666666664,0.0,0.0,0.0,0.0,0.6666666666666666,16.05,29.383333333333333,1018.9833333333333,0.0,0,0.0,2.0,6.796666666666666
2022-09-02 05:15:00,13.175,63.0,0.0,0.0,0.0,0.0,1.0,16.025000000000002,29.325,1018.975,0.0,0,0.0,2.0,6.765
2022-09-02 05:20:00,13.133333333333335,63.333333333333336,0.0,0.0,0.0,0.0,1.3333333333333333,16.0,29.266666666666666,1018.9666666666667,0.0,0,0.0,2.0,6.733333333333334
2022-09-02 05:25:00,13.091666666666667,63.666666666666664,0.0,0.0,0.0,0.0,1.6666666666666665,15.975000000000001,29.208333333333332,1018.9583333333334,0.0,0,0.0,2.0,6.701666666666666
2022-09-02 05:30:00,13.05,64.0,0.0,0.0,0.0,0.0,2.0,15.950000000000001,29.15,1018.95,0.0,0,0.0,2.0,6.67
2022-09-02 05:35:00,13.008333333333335,64.33333333333333,0.0,0.0,0.0,0.0,2.333333333333333,15.925,29.09166666666667,1018.9416666666666,0.0,0,0.0,2.0,6.638333333333334
2022-09-02 05:40:00,12.966666666666667,64.66666666666667,0.0,0.0,0.0,0.0,2.6666666666666665,15.9,29.033333333333335,1018.9333333333333,0.0,0,0.0,2.0,6.6066666666666665
2022-09-02 05:45:00,12.925,65.0,0.0,0.0,0.0,0.0,3.0,15.875,28.975,1018.925,0.0,0,0.0,2.0,6.575
2022-09-02 05:50:00,12.883333333333335,65.33333333333333,0.0,0.0,0.0,0.0,3.333333333333333,15.850000000000001,28.916666666666668,1018.9166666666666,0.0,0,0.0,2.0,6.543333333333334
2022-09-02 05:55:00,12.841666666666667,65.66666666666667,0.0,0.0,0.0,0.0,3.6666666666666665,15.825000000000001,28.858333333333334,1018.9083333333333,0.0,0,0.0,2.0,6.511666666666666
2022-09-02 06:00:00,12.8,66.0,0.0,0.0,0.0,0.0,4.0,15.8,28.8,1018.9,0.0,0,0.0,2.0,6.48
2022-09-02 06:05:00,12.783333333333333,66.16666666666667,0.0,0.0,0.0,0.0,4.75,15.858333333333334,28.833333333333336,1018.8916666666667,0.0,0,0.0,2.0,6.4399999999999995
2022-09-02 06:10:00,12.766666666666667,66.33333333333333,0.0,0.0,0.0,0.0,5.5,15.916666666666668,28.866666666666667,1018.8833333333333,0.0,0,0.0,2.0,6.4
2022-09-02 06:15:00,12.75,66.5,0.0,0.0,0.0,0.0,6.25,15.975000000000001,28.9,1018.875,0.0,0,0.0,2.0,6.359999999999999
2022-09-02 06:20:00,12.733333333333334,66.66666666666667,0.0,0.0,0.0,0.0,7.0,16.033333333333335,28.933333333333334,1018.8666666666667,0.0,0,0.0,2.0,6.32
2022-09-02 06:25:00,12.716666666666667,66.83333333333333,0.0,0.0,0.0,0.0,7.75,16.09166666666667,28.96666666666667,1018.8583333333333,0.0,0,0.0,2.0,6.279999999999999
2022-09-02 06:30:00,12.7,67.0,0.0,0.0,0.0,0.0,8.5,16.15,29.0,1018.8499999999999,0.0,0,0.0,2.0,6.239999999999999
2022-09-02 06:35:00,12.683333333333334,67.16666666666667,0.0,0.0,0.0,0.0,9.25,16.208333333333332,29.03333333333333,1018.8416666666666,0.0,0,0.0,2.0,6.2
2022-09-02 06:40:00,12.666666666666666,67.33333333333333,0.0,0.0,0.0,0.0,10.0,16.266666666666666,29.066666666666666,1018.8333333333333,0.0,0,0.0,2.0,6.159999999999999
2022-09-02 06:45:00,12.65,67.5,0.0,0.0,0.0,0.0,10.75,16.325,29.1,1018.8249999999999,0.0,0,0.0,2.0,6.12
2022-09-02 06:50:00,12.633333333333333,67.66666666666667,0.0,0.0,0.0,0.0,11.5,16.383333333333333,29.133333333333333,1018.8166666666666,0.0,0,0.0,2.0,6.079999999999999
2022-09-02 06:55:00,12.616666666666667,67.83333333333333,0.0,0.0,0.0,0.0,12.25,16.441666666666666,29.166666666666664,1018.8083333333333,0.0,0,0.0,2.0,6.04
2022-09-02 07:00:00,12.6,68.0,0.0,0.0,0.0,0.0,13.0,16.5,29.2,1018.8,1.0,0,0.0,2.0,5.999999999999999
2022-09-02 07:05:00,12.725,67.83333333333333,0.0,0.0,0.0,0.0,16.0,16.483333333333334,29.375,1018.8,1.0,0,0.0,2.0,6.131666666666666
2022-09-02 07:10:00,12.85,67.66666666666667,0.0,0.0,0.0,0.0,19.0,16.46666666666667,29.55,1018.8,1.0,0,0.0,2.0,6.263333333333332
2022-09-02 07:15:00,12.975,67.5,0.0,0.0,0.0,0.0,22.0,16.45,29.725,1018.8,1.0,0,0.0,2.0,6.395
2022-09-02 07:20:00,13.1,67.33333333333333,0.0,0.0,0.0,0.0,25.0,16.433333333333334,29.9,1018.8,1.0,0,0.0,2.0,6.5266666666666655
2022-09-02 07:25:00,13.225,67.16666666666667,0.0,0.0,0.0,0.0,28.0,16.416666666666668,30.075,1018.8,1.0,0,0.0,2.0,6.658333333333332
2022-09-02 07:30:00,13.35,67.0,0.0,0.0,0.0,0.0,31.0,16.4,30.25,1018.8,1.0,0,0.0,2.0,6.79
2022-09-02 07:35:00,13.475,66.83333333333333,0.0,0.0,0.0,0.0,34.0,16.383333333333333,30.425,1018.8,1.0,0,0.0,2.0,6.921666666666666
2022-09-02 07:40:00,13.6,66.66666666666667,0.0,0.0,0.0,0.0,37.0,16.366666666666667,30.6,1018.8,1.0,0,0.0,2.0,7.053333333333333
2022-09-02 07:45:00,13.725,66.5,0.0,0.0,0.0,0.0,40.0,16.35,30.775,1018.8,1.0,0,0.0,2.0,7.184999999999999
2022-09-02 07:50:00,13.85,66.33333333333333,0.0,0.0,0.0,0.0,43.0,16.333333333333336,30.95,1018.8,1.0,0,0.0,2.0,7.316666666666665
2022-09-02 07:55:00,13.975,66.16666666666667,0.0,0.0,0.0,0.0,46.0,16.316666666666666,31.125,1018.8,1.0,0,0.0,2.0,7.448333333333332
2022-09-02 08:00:00,14.1,66.0,0.0,0.0,0.0,1.0,49.0,16.3,31.3,1018.8,1.0,0,0.0,2.0,7.579999999999999
2022-09-02 08:05:00,14.233333333333333,65.83333333333333,0.0,0.0,0.0,1.0,53.25,16.225,31.208333333333336,1018.7916666666666,1.0,0,0.0,2.0,7.743333333333331
2022-09-02 08:10:00,14.366666666666667,65.66666666666667,0.0,0.0,0.0,1.0,57.5,16.150000000000002,31.116666666666667,1018.7833333333333,1.0,0,0.0,2.0,7.906666666666666
2022-09-02 08:15:00,14.5,65.5,0.0,0.0,0.0,1.0,61.75,16.075,31.025,1018.775,1.0,0,0.0,2.0,8.07
2022-09-02 08:20:00,14.633333333333333,65.33333333333333,0.0,0.0,0.0,1.0,66.0,16.0,30.933333333333334,1018.7666666666667,1.0,0,0.0,2.0,8.233333333333333
2022-09-02 08:25:00,14.766666666666666,65.16666666666667,0.0,0.0,0.0,1.0,70.25,15.925,30.84166666666667,1018.7583333333333,1.0,0,0.0,2.0,8.396666666666665
2022-09-02 08:30:00,14.899999999999999,65.0,0.0,0.0,0.0,1.0,74.5,15.850000000000001,30.75,1018.75,1.0,0,0.0,2.0,8.559999999999999
2022-09-02 08:35:00,15.033333333333333,64.83333333333333,0.0,0.0,0.0,1.0,78.75,15.775,30.65833333333333,1018.7416666666667,1.0,0,0.0,2.0,8.723333333333333
2022-09-02 08:40:00,15.166666666666666,64.66666666666667,0.0,0.0,0.0,1.0,83.0,15.700000000000001,30.566666666666666,1018.7333333333333,1.0,0,0.0,2.0,8.886666666666665
2022-09-02 08:45:00,15.299999999999999,64.5,0.0,0.0,0.0,1.0,87.25,15.625,30.475,1018.725,1.0,0,0.0,2.0,9.049999999999999
2022-09-02 08:50:00,15.433333333333334,64.33333333333333,0.0,0.0,0.0,1.0,91.5,15.55,30.383333333333333,1018.7166666666667,1.0,0,0.0,2.0,9.213333333333333
2022-09-02 08:55:00,15.566666666666666,64.16666666666667,0.0,0.0,0.0,1.0,95.75,15.475,30.291666666666664,1018.7083333333334,1.0,0,0.0,2.0,9.376666666666665
2022-09-02 09:00:00,15.7,64.0,0.0,0.0,0.0,3.0,100.0,15.4,30.2,1018.7,1.0,0,0.0,2.0,9.54
2022-09-02 09:05:00,15.891666666666666,63.416666666666664,0.0,0.0,0.0,3.0,98.58333333333333,15.441666666666666,30.383333333333333,1018.6750000000001,1.0,0,0.0,2.0,9.715
2022-09-02 09:10:00,16.083333333333332,62.833333333333336,0.0,0.0,0.0,3.0,97.16666666666667,15.483333333333334,30.566666666666666,1018.6500000000001,1.0,0,0.0,2.0,9.889999999999997
2022-09-02 09:15:00,16.275,62.25,0.0,0.0,0.0,3.0,95.75,15.525,30.75,1018.625,1.0,0,0.0,2.0,10.064999999999998
2022-09-02 09:20:00,16.466666666666665,61.666666666666664,0.0,0.0,0.0,3.0,94.33333333333333,15.566666666666666,30.933333333333334,1018.6,1.0,0,0.0,2.0,10.239999999999998
2022-09-02 09:25:00,16.65833333333333,61.083333333333336,0.0,0.0,0.0,3.0,92.91666666666667,15.608333333333334,31.116666666666667,1018.575,1.0,0,0.0,2.0,10.414999999999997
2022-09-02 09:30:00,16.85,60.5,0.0,0.0,0.0,3.0,91.5,15.65,31.299999999999997,1018.55,1.0,0,0.0,2.0,10.59
2022-09-02 09:35:00,17.041666666666668,59.916666666666664,0.0,0.0,0.0,3.0,90.08333333333333,15.691666666666666,31.48333333333333,1018.525,1.0,0,0.0,2.0,10.765
2022-09-02 09:40:00,17.233333333333334,59.333333333333336,0.0,0.0,0.0,3.0,88.66666666666667,15.733333333333334,31.666666666666664,1018.5,1.0,0,0.0,2.0,10.940000000000001
2022-09-02 09:45:00,17.425,58.75,0.0,0.0,0.0,3.0,87.25,15.775,31.849999999999998,1018.475,1.0,0,0.0,2.0,11.115
2022-09-02 09:50:00,17.616666666666667,58.166666666666664,0.0,0.0,0.0,3.0,85.83333333333333,15.816666666666666,32.03333333333333,1018.45,1.0,0,0.0,2.0,11.29
2022-09-02 09:55:00,17.808333333333334,57.583333333333336,0.0,0.0,0.0,3.0,84.41666666666667,15.858333333333334,32.21666666666667,1018.425,1.0,0,0.0,2.0,11.465
2022-09-02 10:00:00,18.0,57.0,0.0,0.0,0.0,3.0,83.0,15.9,32.4,1018.4,1.0,0,0.0,2.0,11.64
2022-09-02 10:05:00,18.2,56.333333333333336,0.0,0.0,0.0,3.0,79.5,16.0,32.666666666666664,1018.3666666666667,1.0,0,0.0,2.0,11.799999999999999
2022-09-02 10:10:00,18.4,55.666666666666664,0.0,0.0,0.0,3.0,76.0,16.1,32.93333333333333,1018.3333333333333,1.0,0,0.0,2.0,11.959999999999997
2022-09-02 10:15:00,18.6,55.0,0.0,0.0,0.0,3.0,72.5,16.2,33.2,1018.3,1.0,0,0.0,2.0,12.120000000000001
2022-09-02 10:20:00,18.8,54.333333333333336,0.0,0.0,0.0,3.0,69.0,16.3,33.46666666666667,1018.2666666666667,1.0,0,0.0,2.0,12.280000000000001
2022-09-02 10:25:00,19.0,53.666666666666664,0.0,0.0,0.0,3.0,65.5,16.400000000000002,33.733333333333334,1018.2333333333333,1.0,0,0.0,2.0,12.439999999999998
2022-09-02 10:30:00,19.2,53.0,0.0,0.0,0.0,3.0,62.0,16.5,34.0,1018.2,1.0,0,0.0,2.0,12.599999999999998
2022-09-02 10:35:00,19.4,52.333333333333336,0.0,0.0,0.0,3.0,58.5,16.6,34.266666666666666,1018.1666666666666,1.0,0,0.0,2.0,12.759999999999998
2022-09-02 10:40:00,19.599999999999998,51.666666666666664,0.0,0.0,0.0,3.0,55.0,16.700000000000003,34.53333333333333,1018.1333333333333,1.0,0,0.0,2.0,12.919999999999996
2022-09-02 10:45:00,19.799999999999997,51.0,0.0,0.0,0.0,3.0,51.5,16.8,34.8,1018.1,1.0,0,0.0,2.0,13.079999999999997
2022-09-02 10:50:00,20.0,50.333333333333336,0.0,0.0,0.0,3.0,48.0,16.900000000000002,35.06666666666667,1018.0666666666666,1.0,0,0.0,2.0,13.239999999999998
2022-09-02 10:55:00,20.2,49.666666666666664,0.0,0.0,0.0,3.0,44.5,17.0,35.333333333333336,1018.0333333333333,1.0,0,0.0,3.0,13.399999999999999
2022-09-02 11:00:00,20.4,49.0,0.0,0.0,0.0,1.0,41.0,17.1,35.6,1018.0,1.0,0,0.0,3.0,13.559999999999999
2022-09-02 11:05:00,20.516666666666666,48.5,0.0,0.0,0.0,1.0,39.083333333333336,17.1,35.69166666666667,1017.9666666666667,1.0,0,0.0,3.0,13.676666666666666
2022-09-02 11:10:00,20.633333333333333,48.0,0.0,0.0,0.0,1.0,37.166666666666664,17.1,35.78333333333333,1017.9333333333334,1.0,0,0.0,3.0,13.793333333333333
2022-09-02 11:15:00,20.75,47.5,0.0,0.0,0.0,1.0,35.25,17.1,35.875,1017.9,1.0,0,0.0,3.0,13.91
2022-09-02 11:20:00,20.866666666666667,47.0,0.0,0.0,0.0,1.0,33.333333333333336,17.1,35.96666666666667,1017.8666666666667,1.0,0,0.0,3.0,14.026666666666667
2022-09-02 11:25:00,20.983333333333334,46.5,0.0,0.0,0.0,1.0,31.416666666666664,17.1,36.05833333333334,1017.8333333333334,1.0,0,0.0,3.0,14.143333333333334
2022-09-02 11:30:00,21.1,46.0,0.0,0.0,0.0,1.0,29.5,17.1,36.150000000000006,1017.8,1.0,0,0.0,3.0,14.260000000000002
2022-09-02 11:35:00,21.216666666666665,45.5,0.0,0.0,0.0,1.0,27.583333333333332,17.1,36.24166666666667,1017.7666666666667,1.0,0,0.0,3.0,14.376666666666665
2022-09-02 11:40:00,21.333333333333332,45.0,0.0,0.0,0.0,1.0,25.666666666666664,17.1,36.333333333333336,1017.7333333333333,1.0,0,0.0,3.0,14.493333333333332
2022-09-02 11:45:00,21.45,44.5,0.0,0.0,0.0,1.0,23.75,17.1,36.425000000000004,1017.7,1.0,0,0.0,3.0,14.61
2022-09-02 11:50:00,21.566666666666666,44.0,0.0,0.0,0.0,1.0,21.833333333333332,17.1,36.516666666666666,1017.6666666666667,1.0,0,0.0,3.0,14.726666666666667
2022-09-02 11:55:00,21.683333333333334,43.5,0.0,0.0,0.0,1.0,19.916666666666664,17.1,36.608333333333334,1017.6333333333333,1.0,0,0.0,3.0,14.843333333333334
2022-09-02 12:00:00,21.8,43.0,0.0,0.0,0.0,0.0,18.0,17.1,36.7,1017.6,1.0,0,0.0,3.0,14.96
2022-09-02 12:05:00,21.883333333333333,42.583333333333336,0.0,0.0,0.0,0.0,17.0,16.85,36.641666666666666,1017.5583333333334,1.0,0,0.0,3.0,15.14333333333333
2022-09-02 12:10:00,21.96666666666667,42.166666666666664,0.0,0.0,0.0,0.0,16.0,16.6,36.583333333333336,1017.5166666666667,1.0,0,0.0,3.0,15.326666666666668
2022-09-02 12:15:00,22.05,41.75,0.0,0.0,0.0,0.0,15.0,16.35,36.525000000000006,1017.475,1.0,0,0.0,3.0,15.51
2022-09-02 12:20:00,22.133333333333333,41.333333333333336,0.0,0.0,0.0,0.0,14.0,16.1,36.46666666666667,1017.4333333333334,1.0,0,0.0,3.0,15.693333333333332
2022-09-02 12:25:00,22.21666666666667,40.916666666666664,0.0,0.0,0.0,0.0,13.0,15.850000000000001,36.40833333333333,1017.3916666666667,1.0,0,0.0,3.0,15.876666666666669
2022-09-02 12:30:00,22.3,40.5,0.0,0.0,0.0,0.0,12.0,15.600000000000001,36.35,1017.35,1.0,0,0.0,3.0,16.06
2022-09-02 12:35:00,22.383333333333333,40.083333333333336,0.0,0.0,0.0,0.0,11.0,15.35,36.29166666666667,1017.3083333333334,1.0,0,0.0,3.0,16.243333333333332
2022-09-02 12:40:00,22.46666666666667,39.666666666666664,0.0,0.0,0.0,0.0,10.0,15.1,36.233333333333334,1017.2666666666667,1.0,0,0.0,3.0,16.42666666666667
2022-09-02 12:45:00,22.55,39.25,0.0,0.0,0.0,0.0,9.0,14.85,36.175,1017.225,1.0,0,0.0,3.0,16.61
2022-09-02 12:50:00,22.633333333333333,38.833333333333336,0.0,0.0,0.0,0.0,8.0,14.6,36.11666666666667,1017.1833333333334,1.0,0,0.0,3.0,16.793333333333333
2022-09-02 12:55:00,22.71666666666667,38.416666666666664,0.0,0.0,0.0,0.0,7.0,14.35,36.05833333333334,1017.1416666666667,1.0,0,0.0,3.0,16.976666666666667
2022-09-02 13:00:00,22.8,38.0,0.0,0.0,0.0,0.0,6.0,14.1,36.0,1017.1,1.0,0,0.0,3.0,17.16
2022-09-02 13:05:00,22.825,37.916666666666664,0.0,0.0,0.0,0.0,9.333333333333334,14.075,35.583333333333336,1017.075,1.0,0,0.0,3.0,17.195
2022-09-02 13:10:00,22.85,37.833333333333336,0.0,0.0,0.0,0.0,12.666666666666668,14.05,35.166666666666664,1017.05,1.0,0,0.0,3.0,17.23
2022-09-02 13:15:00,22.875,37.75,0.0,0.0,0.0,0.0,16.0,14.025,34.75,1017.025,1.0,0,0.0,3.0,17.265
2022-09-02 13:20:00,22.900000000000002,37.666666666666664,0.0,0.0,0.0,0.0,19.333333333333336,14.0,34.333333333333336,1017.0,1.0,0,0.0,3.0,17.3
2022-09-02 13:25:00,22.925,37.583333333333336,0.0,0.0,0.0,0.0,22.666666666666668,13.975,33.916666666666664,1016.975,1.0,0,0.0,3.0,17.335
2022-09-02 13:30:00,22.950000000000003,37.5,0.0,0.0,0.0,0.0,26.0,13.95,33.5,1016.95,1.0,0,0.0,3.0,17.370000000000005
2022-09-02 13:35:00,22.975,37.416666666666664,0.0,0.0,0.0,0.0,29.333333333333336,13.925,33.083333333333336,1016.925,1.0,0,0.0,3.0,17.405
2022-09-02 13:40:00,23.0,37.333333333333336,0.0,0.0,0.0,0.0,32.66666666666667,13.9,32.666666666666664,1016.9,1.0,0,0.0,3.0,17.439999999999998
2022-09-02 13:45:00,23.025000000000002,37.25,0.0,0.0,0.0,0.0,36.0,13.875,32.25,1016.875,1.0,0,0.0,3.0,17.475
2022-09-02 13:50:00,23.05,37.166666666666664,0.0,0.0,0.0,0.0,39.333333333333336,13.850000000000001,31.833333333333332,1016.8499999999999,1.0,0,0.0,3.0,17.509999999999998
2022-09-02 13:55:00,23.075000000000003,37.083333333333336,0.0,0.0,0.0,0.0,42.66666666666667,13.825000000000001,31.416666666666664,1016.8249999999999,1.0,0,0.0,3.0,17.545
2022-09-02 14:00:00,23.1,37.0,0.0,0.0,0.0,1.0,46.0,13.8,31.0,1016.8,1.0,0,0.0,3.0,17.580000000000002
2022-09-02 14:05:00,23.09166666666667,37.0,0.0,0.0,0.0,1.0,49.666666666666664,13.8,30.875,1016.7416666666667,1.0,0,0.0,3.0,17.57166666666667
2022-09-02 14:10:00,23.083333333333336,37.0,0.0,0.0,0.0,1.0,53.333333333333336,13.8,30.75,1016.6833333333333,1.0,0,0.0,3.0,17.563333333333336
2022-09-02 14:15:00,23.075000000000003,37.0,0.0,0.0,0.0,1.0,57.0,13.8,30.625,1016.625,1.0,0,0.0,3.0,17.555000000000003
2022-09-02 14:20:00,23.066666666666666,37.0,0.0,0.0,0.0,1.0,60.666666666666664,13.8,30.5,1016.5666666666666,1.0,0,0.0,3.0,17.546666666666667
2022-09-02 14:25:00,23.058333333333334,37.0,0.0,0.0,0.0,1.0,64.33333333333333,13.8,30.375,1016.5083333333333,1.0,0,0.0,3.0,17.538333333333334
2022-09-02 14:30:00,23.05,37.0,0.0,0.0,0.0,1.0,68.0,13.8,30.25,1016.45,1.0,0,0.0,3.0,17.53
2022-09-02 14:35:00,23.041666666666668,37.0,0.0,0.0,0.0,1.0,71.66666666666666,13.8,30.125,1016.3916666666667,1.0,0,0.0,3.0,17.52166666666667
2022-09-02 14:40:00,23.033333333333335,37.0,0.0,0.0,0.0,1.0,75.33333333333333,13.8,30.0,1016.3333333333334,1.0,0,0.0,3.0,17.513333333333335
2022-09-02 14:45:00,23.025,37.0,0.0,0.0,0.0,1.0,79.0,13.8,29.875,1016.275,1.0,0,0.0,3.0,17.505
2022-09-02 14:50:00,23.016666666666666,37.0,0.0,0.0,0.0,1.0,82.66666666666666,13.8,29.75,1016.2166666666667,1.0,0,0.0,3.0,17.496666666666666
2022-09-02 14:55:00,23.008333333333333,37.0,0.0,0.0,0.0,1.0,86.33333333333333,13.8,29.625,1016.1583333333333,1.0,0,0.0,3.0,17.488333333333333
2022-09-02 15:00:00,23.0,37.0,0.0,0.0,0.0,3.0,90.0,13.8,29.5,1016.1,1.0,0,0.0,3.0,17.48
2022-09-02 15:05:00,23.025,36.833333333333336,0.0,0.0,0.0,3.0,90.83333333333333,13.700000000000001,29.5,1016.0583333333334,1.0,0,0.0,3.0,17.544999999999998
2022-09-02 15:10:00,23.05,36.666666666666664,0.0,0.0,0.0,3.0,91.66666666666667,13.600000000000001,29.5,1016.0166666666667,1.0,0,0.0,3.0,17.61
2022-09-02 15:15:00,23.075,36.5,0.0,0.0,0.0,3.0,92.5,13.5,29.5,1015.975,1.0,0,0.0,3.0,17.674999999999997
2022-09-02 15:20:00,23.1,36.333333333333336,0.0,0.0,0.0,3.0,93.33333333333333,13.4,29.5,1015.9333333333334,1.0,0,0.0,3.0,17.740000000000002
2022-09-02 15:25:00,23.125,36.166666666666664,0.0,0.0,0.0,3.0,94.16666666666667,13.3,29.5,1015.8916666666667,1.0,0,0.0,3.0,17.805
2022-09-02 15:30:00,23.15,36.0,0.0,0.0,0.0,3.0,95.0,13.2,29.5,1015.85,1.0,0,0.0,3.0,17.869999999999997
2022-09-02 15:35:00,23.175,35.833333333333336,0.0,0.0,0.0,3.0,95.83333333333333,13.1,29.5,1015.8083333333334,1.0,0,0.0,3.0,17.935000000000002
2022-09-02 15:40:00,23.2,35.666666666666664,0.0,0.0,0.0,3.0,96.66666666666667,13.0,29.5,1015.7666666666667,1.0,0,0.0,3.0,18.0
2022-09-02 15:45:00,23.225,35.5,0.0,0.0,0.0,3.0,97.5,12.9,29.5,1015.725,1.0,0,0.0,3.0,18.065
2022-09-02 15:50:00,23.25,35.333333333333336,0.0,0.0,0.0,3.0,98.33333333333333,12.8,29.5,1015.6833333333334,1.0,0,0.0,3.0,18.13
2022-09-02 15:55:00,23.275000000000002,35.166666666666664,0.0,0.0,0.0,3.0,99.16666666666667,12.7,29.5,1015.6416666666667,1.0,0,0.0,3.0,18.195
2022-09-02 16:00:00,23.3,35.0,0.0,0.0,0.0,3.0,100.0,12.6,29.5,1015.6,1.0,0,0.0,3.0,18.26
2022-09-02 16:05:00,23.275000000000002,34.916666666666664,0.0,0.0,0.0,3.0,96.91666666666667,12.758333333333333,29.441666666666666,1015.5416666666667,1.0,0,0.0,3.0,18.171666666666667
2022-09-02 16:10:00,23.25,34.833333333333336,0.0,0.0,0.0,3.0,93.83333333333333,12.916666666666666,29.383333333333333,1015.4833333333333,1.0,0,0.0,3.0,18.083333333333332
2022-09-02 16:15:00,23.225,34.75,0.0,0.0,0.0,3.0,90.75,13.075,29.325,1015.425,1.0,0,0.0,3.0,17.995
2022-09-02 16:20:00,23.2,34.666666666666664,0.0,0.0,0.0,3.0,87.66666666666667,13.233333333333333,29.266666666666666,1015.3666666666667,1.0,0,0.0,3.0,17.906666666666666
2022-09-02 16:25:00,23.175,34.583333333333336,0.0,0.0,0.0,3.0,84.58333333333333,13.391666666666666,29.208333333333332,1015.3083333333334,1.0,0,0.0,3.0,17.818333333333335
2022-09-02 16:30:00,23.15,34.5,0.0,0.0,0.0,3.0,81.5,13.55,29.15,1015.25,1.0,0,0.0,3.0,17.729999999999997
2022-09-02 16:35:00,23.125,34.416666666666664,0.0,0.0,0.0,3.0,78.41666666666666,13.708333333333332,29.09166666666667,1015.1916666666666,1.0,0,0.0,3.0,17.641666666666666
2022-09-02 16:40:00,23.1,34.333333333333336,0.0,0.0,0.0,3.0,75.33333333333333,13.866666666666667,29.033333333333335,1015.1333333333333,1.0,0,0.0,3.0,17.553333333333335
2022-09-02 16:45:00,23.075,34.25,0.0,0.0,0.0,3.0,72.25,14.025,28.975,1015.075,1.0,0,0.0,3.0,17.465
2022-09-02 16:50:00,23.05,34.166666666666664,0.0,0.0,0.0,3.0,69.16666666666666,14.183333333333334,28.916666666666668,1015.0166666666667,1.0,0,0.0,3.0,17.376666666666665
2022-09-02 16:55:00,23.025,34.083333333333336,0.0,0.0,0.0,3.0,66.08333333333333,14.341666666666667,28.858333333333334,1014.9583333333333,1.0,0,0.0,3.0,17.28833333333333
2022-09-02 17:00:00,23.0,34.0,0.0,0.0,0.0,2.0,63.0,14.5,28.8,1014.9,1.0,0,0.0,3.0,17.2
2022-09-02 17:05:00,22.975,34.083333333333336,0.0,0.0,0.0,2.0,61.25,14.583333333333334,29.066666666666666,1014.8916666666667,1.0,0,0.0,3.0,17.141666666666666
2022-09-02 17:10:00,22.95,34.166666666666664,0.0,0.0,0.0,2.0,59.5,14.666666666666666,29.333333333333336,1014.8833333333333,1.0,0,0.0,3.0,17.083333333333332
2022-09-02 17:15:00,22.925,34.25,0.0,0.0,0.0,2.0,57.75,14.75,29.6,1014.875,1.0,0,0.0,3.0,17.025
2022-09-02 17:20:00,22.9,34.333333333333336,0.0,0.0,0.0,2.0,56.0,14.833333333333334,29.866666666666667,1014.8666666666667,1.0,0,0.0,3.0,16.966666666666665
2022-09-02 17:25:00,22.875,34.416666666666664,0.0,0.0,0.0,2.0,54.25,14.916666666666666,30.133333333333333,1014.8583333333333,1.0,0,0.0,3.0,16.90833333333333
2022-09-02 17:30:00,22.85,34.5,0.0,0.0,0.0,2.0,52.5,15.0,30.4,1014.8499999999999,1.0,0,0.0,3.0,16.85
2022-09-02 17:35:00,22.825,34.583333333333336,0.0,0.0,0.0,2.0,50.75,15.083333333333334,30.666666666666668,1014.8416666666666,1.0,0,0.0,3.0,16.791666666666664
